,nad,folinic_acid,coa,nucleo_mix,spermidin,pga,aa,trna,mg_gluta,camp,K_gluta,yield,yield_std
0,0.165,0.0204,0.078,0.75,0.3,9,0.45,0.02,1.2,0.375,40,0.0,0.0131
1,0.33,0.068,0.26,1.5,1.0,30,1.5,0.2,0.4,0.75,80,0.0,0.0095
2,0.33,0.068,0.26,0.15,1.0,30,1.5,0.2,4.0,0.75,80,0.0,0.077
3,0.33,0.068,0.26,0.45,1.0,30,1.5,0.2,4.0,0.75,80,0.0,0.094
4,0.33,0.068,0.26,1.5,1.0,30,0.15,0.2,4.0,0.75,80,0.0147,0.0233
5,0.165,0.0068,0.13,0.15,0.1,9,0.75,0.1,2.0,0.225,24,0.0163,0.0113
6,0.033,0.0068,0.078,0.45,0.5,3,0.45,0.02,2.0,0.375,24,0.0222,0.1364
7,0.165,0.0068,0.026,0.15,0.1,9,0.15,0.02,0.4,0.375,24,0.0263,0.0091
8,0.33,0.068,0.26,1.5,0.1,30,1.5,0.2,4.0,0.75,80,0.0354,0.063
9,0.033,0.0204,0.026,0.15,0.1,15,0.15,0.02,2.0,0.225,24,0.047,0.0115
10,0.033,0.0068,0.026,0.45,0.5,9,0.45,0.06,2.0,0.075,24,0.0499,0.0239
11,0.33,0.068,0.26,1.5,1.0,30,1.5,0.2,4.0,0.75,80,0.0563,0.0191
12,0.099,0.0204,0.026,0.15,0.5,9,0.45,0.06,2.0,0.075,8,0.0587,0.1045
13,0.165,0.034,0.026,0.15,0.5,9,0.75,0.06,0.4,0.375,8,0.0826,0.0325
14,0.033,0.034,0.078,0.15,0.1,9,0.15,0.02,1.2,0.225,40,0.0845,0.0708
15,0.165,0.0204,0.13,0.15,0.5,15,0.75,0.1,0.4,0.075,8,0.086,0.02
16,0.099,0.0204,0.13,0.15,0.1,9,0.45,0.02,0.4,0.075,24,0.1032,0.0387
17,0.099,0.0068,0.026,0.15,0.1,15,0.75,0.06,2.0,0.375,8,0.1106,0.0176
18,0.033,0.0068,0.13,0.15,0.3,9,0.15,0.1,2.0,0.075,40,0.1186,0.071
19,0.33,0.068,0.026,1.5,1.0,30,1.5,0.2,4.0,0.75,80,0.1503,0.1533
20,0.033,0.034,0.026,0.45,0.5,9,0.45,0.06,1.2,0.375,8,0.1625,0.1269
21,0.099,0.0068,0.078,0.15,0.3,3,0.45,0.1,0.4,0.375,40,0.1776,0.042
22,0.033,0.0204,0.078,0.15,0.5,9,0.45,0.06,2.0,0.225,24,0.18,0.1263
23,0.099,0.0204,0.078,0.15,0.3,15,0.75,0.1,1.2,0.075,24,0.183,0.0286
24,0.033,0.0068,0.13,0.45,0.5,3,0.45,0.06,2.0,0.225,40,0.1956,0.1906
25,0.33,0.068,0.26,1.5,1.0,30,1.5,0.2,4.0,0.75,8,0.1963,0.012
26,0.099,0.0068,0.13,0.75,0.5,9,0.75,0.02,1.2,0.375,8,0.2025,0.0062
27,0.033,0.0068,0.026,0.15,0.1,30,0.15,0.02,0.4,0.075,8,0.2039,0.0083
28,0.33,0.068,0.26,1.5,1.0,30,1.5,0.02,4.0,0.75,80,0.2066,0.1477
29,0.33,0.0068,0.26,1.5,1.0,30,1.5,0.2,4.0,0.75,80,0.2159,0.0913
30,0.33,0.068,0.26,1.5,1.0,30,1.5,0.2,4.0,0.075,80,0.222,0.0529
31,0.099,0.0068,0.13,0.75,0.3,9,0.75,0.1,0.4,0.375,8,0.2322,0.0176
32,0.165,0.0204,0.026,0.45,0.1,9,0.15,0.1,0.4,0.375,8,0.2418,0.0478
33,0.099,0.0204,0.026,0.45,0.1,9,0.45,0.02,0.4,0.075,8,0.2459,0.1262
34,0.165,0.034,0.13,0.45,0.1,3,0.75,0.06,1.2,0.375,24,0.25,0.0264
35,0.033,0.0204,0.13,0.75,0.5,15,0.45,0.02,0.4,0.225,8,0.2532,0.0505
36,0.033,0.0204,0.078,0.45,0.1,9,0.15,0.1,2.0,0.225,40,0.2605,0.0613
37,0.165,0.034,0.13,0.15,0.3,9,0.15,0.06,2.0,0.075,8,0.2625,0.0092
38,0.033,0.034,0.026,0.45,0.3,9,0.45,0.06,1.2,0.075,24,0.2677,0.2052
39,0.033,0.0204,0.026,0.45,0.5,9,0.45,0.06,1.2,0.225,24,0.2961,0.1997
40,0.033,0.068,0.26,1.5,1.0,30,1.5,0.2,4.0,0.75,80,0.3075,0.2236
41,0.033,0.0204,0.026,0.75,0.1,15,0.75,0.06,2.0,0.075,24,0.3126,0.0513
42,0.033,0.0068,0.026,0.75,0.5,3,0.75,0.06,1.2,0.075,8,0.3184,0.0252
43,0.033,0.0068,0.078,0.45,0.1,9,0.45,0.06,0.4,0.375,8,0.3186,0.0765
44,0.165,0.0204,0.078,0.45,0.3,9,0.45,0.1,0.4,0.225,24,0.3448,0.2362
45,0.165,0.034,0.078,0.15,0.1,3,0.75,0.1,1.2,0.075,8,0.3501,0.0866
46,0.033,0.0204,0.078,0.15,0.3,15,0.45,0.06,1.2,0.375,24,0.3568,0.1317
47,0.033,0.0068,0.026,0.15,0.5,15,0.45,0.02,1.2,0.375,8,0.3686,0.2002
48,0.033,0.0068,0.026,1.5,0.1,3,0.15,0.02,0.4,0.075,8,0.3701,0.0853
49,0.165,0.034,0.026,0.45,0.5,9,0.15,0.1,2.0,0.225,8,0.3714,0.0154
50,0.033,0.034,0.078,0.45,0.5,9,0.15,0.02,2.0,0.375,8,0.3744,0.0377
51,0.033,0.0204,0.026,0.15,0.3,15,0.45,0.02,0.4,0.225,24,0.379,0.2566
52,0.33,0.068,0.26,1.5,1.0,3,1.5,0.2,4.0,0.75,80,0.3796,0.0297
53,0.033,0.0204,0.026,0.45,0.3,15,0.75,0.1,0.4,0.075,8,0.3857,0.0291
54,0.33,0.0068,0.026,0.15,0.1,3,0.15,0.02,0.4,0.075,8,0.3981,0.0779
55,0.099,0.034,0.078,0.45,0.5,3,0.15,0.06,2.0,0.225,40,0.4011,0.0096
56,0.033,0.034,0.026,0.45,0.5,15,0.45,0.02,0.4,0.225,24,0.4039,0.2491
57,0.033,0.0068,0.026,0.45,0.1,3,0.45,0.02,2.0,0.225,24,0.418,0.0316
58,0.033,0.0204,0.026,0.45,0.5,15,0.75,0.1,0.4,0.375,24,0.4406,0.0405
59,0.099,0.034,0.026,0.45,0.5,15,0.15,0.02,0.4,0.075,24,0.458,0.076
60,0.033,0.0068,0.026,0.15,0.1,3,1.5,0.02,0.4,0.075,8,0.4677,0.0175
61,0.033,0.034,0.078,0.75,0.5,3,0.75,0.1,2.0,0.225,40,0.4824,0.0421
62,0.033,0.034,0.078,0.45,0.5,15,0.15,0.06,2.0,0.075,8,0.485,0.0379
63,0.033,0.034,0.026,0.45,0.3,9,0.45,0.02,0.4,0.225,24,0.4907,0.2717
64,0.099,0.034,0.13,0.75,0.1,3,0.15,0.02,0.4,0.225,8,0.4984,0.0261
65,0.165,0.034,0.13,0.45,0.1,15,0.75,0.02,2.0,0.075,40,0.4985,0.0168
66,0.165,0.0204,0.026,0.45,0.3,3,0.45,0.1,1.2,0.225,40,0.5049,0.2377
67,0.033,0.0068,0.026,0.15,1.0,3,0.15,0.02,0.4,0.075,8,0.5111,0.0894
68,0.033,0.034,0.078,0.15,0.5,3,0.75,0.02,2.0,0.075,8,0.5125,0.0177
69,0.099,0.0068,0.026,0.75,0.3,15,0.15,0.02,2.0,0.225,24,0.5185,0.0253
70,0.033,0.0068,0.026,0.15,0.1,3,0.15,0.02,0.4,0.075,80,0.5294,0.0772
71,0.099,0.0068,0.026,0.45,0.3,9,0.75,0.02,0.4,0.375,40,0.5313,0.051
72,0.033,0.0204,0.026,0.45,0.5,3,0.15,0.1,1.2,0.225,8,0.5339,0.0275
73,0.033,0.0204,0.026,0.45,0.3,15,0.15,0.1,0.4,0.375,8,0.5341,0.0438
74,0.033,0.0068,0.026,0.15,0.1,3,0.75,0.1,2.0,0.225,8,0.5384,0.0941
75,0.099,0.0204,0.078,0.15,0.5,3,0.45,0.1,1.2,0.225,8,0.5511,0.0214
76,0.033,0.034,0.078,0.75,0.3,15,0.75,0.02,0.4,0.225,24,0.5634,0.0328
77,0.033,0.0068,0.026,0.15,0.1,3,0.15,0.02,0.4,0.75,8,0.5655,0.1227
78,0.033,0.0068,0.26,0.15,0.1,3,0.15,0.02,0.4,0.075,8,0.5674,0.121
79,0.165,0.0068,0.078,0.75,0.1,3,0.15,0.1,2.0,0.075,8,0.5738,0.0108
80,0.165,0.0204,0.078,0.75,0.5,3,0.15,0.1,1.2,0.075,40,0.5782,0.0197
81,0.033,0.0068,0.026,0.15,0.1,3,0.15,0.2,0.4,0.075,8,0.5866,0.0696
82,0.033,0.068,0.026,0.15,0.1,3,0.15,0.02,0.4,0.075,8,0.5925,0.1078
83,0.033,0.0068,0.026,0.15,0.1,3,0.15,0.02,0.4,0.075,8,0.6036,0.0716
84,0.033,0.034,0.078,0.75,0.5,3,0.15,0.02,0.4,0.225,40,0.6077,0.059
85,0.099,0.034,0.13,0.15,0.3,3,0.15,0.06,1.2,0.225,8,0.6119,0.038
86,0.165,0.0204,0.078,0.75,0.5,15,0.75,0.02,2.0,0.075,40,0.6178,0.3364
87,0.033,0.0204,0.026,0.75,0.5,3,0.75,0.02,1.2,0.375,40,0.6337,0.1946
88,0.033,0.0204,0.13,0.45,0.3,15,0.45,0.1,0.4,0.075,40,0.646,0.0203
89,0.033,0.0068,0.026,0.15,0.1,3,0.15,0.02,4.0,0.075,8,0.7058,0.0272
90,0.165,0.0068,0.078,0.75,0.3,3,0.15,0.02,1.2,0.075,40,0.7139,0.095
91,0.033,0.0204,0.13,0.75,0.3,9,0.15,0.02,1.2,0.225,40,0.7356,0.0247
92,0.099,0.034,0.078,0.75,0.5,9,0.45,0.1,2.0,0.225,24,0.7801,0.085
93,0.033,0.034,0.13,0.75,0.5,15,0.15,0.06,2.0,0.225,40,0.7828,0.0492
94,0.033,0.0204,0.026,0.45,0.5,15,0.75,0.1,1.2,0.225,40,0.8109,0.0415
95,0.033,0.0068,0.026,0.75,0.3,15,0.75,0.02,2.0,0.375,24,0.8326,0.0585
96,0.165,0.0204,0.078,0.75,0.5,9,0.15,0.02,0.4,0.375,40,0.8742,0.2105
97,0.099,0.034,0.026,0.75,0.3,15,0.75,0.02,1.2,0.375,40,1.0,0.021
98,0.165,0.034,0.026,0.75,0.5,15,0.45,0.02,2.0,0.225,40,1.006,0.0393
99,0.033,0.0204,0.026,0.75,0.3,3,0.15,0.02,1.2,0.075,8,0.5005,0.0125
100,0.033,0.034,0.026,0.75,0.3,3,0.15,0.06,1.2,0.075,8,0.4967,0.0131
101,0.033,0.034,0.026,0.75,0.1,3,0.15,0.1,1.2,0.075,8,0.4774,0.0064
102,0.033,0.034,0.078,0.75,0.3,3,0.15,0.1,0.4,0.075,8,0.4678,0.0074
103,0.033,0.0204,0.026,0.75,0.5,3,0.15,0.02,1.2,0.075,24,0.713,0.0221
104,0.033,0.0068,0.026,0.75,0.5,3,0.15,0.06,0.4,0.075,40,0.984,0.0226
105,0.033,0.034,0.026,0.75,0.1,9,0.15,0.02,1.2,0.075,24,0.6668,0.0087
106,0.033,0.034,0.078,0.75,0.3,3,0.15,0.02,1.2,0.075,24,0.6383,0.0298
107,0.033,0.034,0.026,0.75,0.1,9,0.15,0.06,0.4,0.075,40,0.7758,0.0221
108,0.033,0.034,0.026,0.75,0.1,9,0.15,0.06,2.0,0.075,8,0.5377,0.0147
109,0.033,0.034,0.026,0.75,0.3,3,0.15,0.02,1.2,0.075,40,1.0398,0.0771
110,0.033,0.034,0.026,0.75,0.3,3,0.15,0.1,2.0,0.075,8,0.5243,0.0098
111,0.033,0.0204,0.026,0.75,0.1,3,0.15,0.1,1.2,0.075,40,0.9102,0.0657
112,0.033,0.034,0.026,0.75,0.5,9,0.15,0.1,1.2,0.075,8,0.5179,0.0185
113,0.033,0.034,0.026,0.75,0.5,3,0.15,0.02,1.2,0.075,40,1.0035,0.0292
114,0.033,0.034,0.026,0.75,0.5,3,0.15,0.02,2.0,0.075,24,0.7493,0.0186
115,0.033,0.034,0.026,0.75,0.3,3,0.15,0.06,1.2,0.075,40,1.0237,0.0193
116,0.033,0.034,0.026,0.75,0.3,3,0.15,0.06,2.0,0.075,24,0.7582,0.0033
117,0.033,0.034,0.078,0.75,0.3,3,0.15,0.02,2.0,0.075,24,0.7141,0.0388
118,0.033,0.034,0.026,0.45,0.5,3,0.15,0.06,1.2,0.075,40,0.5999,0.0139
119,0.033,0.034,0.026,0.75,0.3,9,0.15,0.02,1.2,0.075,40,1.1887,0.0445
120,0.033,0.034,0.026,0.75,0.3,9,0.15,0.1,1.2,0.075,24,0.8497,0.0054
121,0.033,0.034,0.026,0.75,0.3,3,0.15,0.1,2.0,0.075,24,0.7496,0.0389
122,0.099,0.034,0.026,0.75,0.5,3,0.15,0.02,1.2,0.075,40,1.0153,0.0352
123,0.033,0.034,0.078,0.75,0.5,3,0.15,0.1,2.0,0.075,8,0.4585,0.0164
124,0.033,0.034,0.078,0.75,0.5,3,0.15,0.1,1.2,0.075,24,0.641,0.011
125,0.099,0.034,0.026,0.75,0.5,3,0.15,0.1,2.0,0.075,8,0.4374,0.0081
126,0.033,0.034,0.026,0.75,0.5,3,0.15,0.02,2.0,0.225,24,0.7063,0.0175
127,0.033,0.034,0.026,0.75,0.5,3,0.15,0.1,2.0,0.225,8,0.4925,0.0112
128,0.033,0.034,0.026,0.75,0.5,9,0.15,0.02,1.2,0.075,40,1.0668,0.0087
129,0.033,0.034,0.026,0.75,0.3,9,0.15,0.06,1.2,0.075,40,1.1033,0.0156
130,0.033,0.034,0.078,0.75,0.5,3,0.15,0.06,1.2,0.075,40,0.8882,0.0317
131,0.033,0.034,0.026,0.75,0.3,3,0.15,0.02,2.0,0.225,40,1.0518,0.0347
132,0.033,0.034,0.026,0.75,0.5,3,0.15,0.06,1.2,0.225,40,0.9854,0.0133
133,0.033,0.034,0.078,0.75,0.5,3,0.15,0.02,2.0,0.075,40,0.9263,0.0592
134,0.099,0.034,0.026,0.75,0.5,3,0.15,0.1,1.2,0.075,40,0.9743,0.0545
135,0.033,0.0204,0.078,0.75,0.5,3,0.15,0.06,2.0,0.075,40,0.9501,0.036
136,0.033,0.034,0.026,0.75,0.5,9,0.15,0.02,2.0,0.075,40,1.0818,0.0361
137,0.033,0.0204,0.026,0.75,0.5,9,0.15,0.06,2.0,0.075,40,1.1278,0.017
138,0.033,0.034,0.13,0.75,0.5,3,0.15,0.06,2.0,0.075,40,0.8782,0.0085
139,0.033,0.034,0.026,0.75,0.3,3,0.45,0.02,0.4,0.075,8,0.4817,0.012
140,0.033,0.034,0.026,0.75,0.1,3,0.45,0.06,0.4,0.075,24,0.5909,0.2017
141,0.033,0.0204,0.026,0.75,0.1,3,0.45,0.02,0.4,0.075,40,1.0443,0.0419
142,0.033,0.034,0.026,0.75,0.3,3,0.45,0.06,1.2,0.075,8,0.474,0.0088
143,0.033,0.0204,0.026,0.75,0.5,3,0.45,0.02,0.4,0.075,40,0.7546,0.0657
144,0.033,0.0204,0.026,0.75,0.5,3,0.45,0.1,1.2,0.075,8,0.42,0.0161
145,0.033,0.034,0.026,0.75,0.5,3,0.45,0.02,2.0,0.075,8,0.4503,0.0111
146,0.033,0.0204,0.026,0.75,0.3,3,0.45,0.02,1.2,0.075,40,1.2508,0.0327
147,0.033,0.0204,0.026,0.75,0.3,3,0.45,0.02,2.0,0.075,24,0.8915,0.0146
148,0.033,0.0204,0.026,0.75,0.3,3,0.45,0.1,0.4,0.075,40,1.2402,0.079
149,0.033,0.0204,0.026,0.75,0.1,3,0.45,0.06,1.2,0.075,40,1.1232,0.0198
150,0.033,0.034,0.026,0.75,0.1,3,0.45,0.06,1.2,0.075,40,1.0791,0.1096
151,0.033,0.034,0.078,0.75,0.5,3,0.45,0.02,0.4,0.075,40,0.8831,0.0243
152,0.033,0.034,0.078,0.75,0.5,3,0.45,0.1,0.4,0.075,24,0.6555,0.035
153,0.099,0.034,0.026,0.75,0.5,3,0.45,0.02,1.2,0.075,24,0.7072,0.0076
154,0.033,0.0068,0.026,0.75,0.3,3,0.45,0.02,2.0,0.075,40,1.2493,0.0199
155,0.033,0.034,0.078,0.75,0.1,3,0.45,0.1,0.4,0.075,40,1.0088,0.0282
156,0.033,0.034,0.026,0.75,0.5,3,0.45,0.1,0.4,0.075,40,1.028,0.0334
157,0.033,0.034,0.026,0.75,0.1,3,0.45,0.02,2.0,0.075,40,1.2239,0.0498
158,0.033,0.034,0.026,0.75,0.5,3,0.45,0.1,1.2,0.075,24,0.7324,0.0125
159,0.033,0.034,0.026,0.75,0.3,3,0.45,0.06,2.0,0.075,24,0.7992,0.029
160,0.033,0.0204,0.026,0.75,0.3,3,0.45,0.1,1.2,0.075,40,1.1546,0.0359
161,0.033,0.034,0.078,0.75,0.3,3,0.45,0.1,1.2,0.075,24,0.797,0.0081
162,0.033,0.034,0.026,0.75,0.5,3,0.45,0.06,1.2,0.075,40,1.0159,0.0379
163,0.033,0.0204,0.026,0.75,0.5,3,0.45,0.02,2.0,0.075,40,0.9702,0.0356
164,0.033,0.034,0.078,0.75,0.5,3,0.45,0.1,2.0,0.075,8,0.419,0.0218
165,0.099,0.034,0.026,0.75,0.1,3,0.45,0.02,2.0,0.075,40,1.2361,0.1669
166,0.033,0.034,0.026,0.75,0.5,9,0.45,0.02,1.2,0.075,40,1.1328,0.0586
167,0.033,0.034,0.026,0.75,0.5,9,0.45,0.02,2.0,0.075,24,0.9625,0.0478
168,0.033,0.034,0.026,0.75,0.1,9,0.45,0.02,2.0,0.075,40,1.2797,0.1395
169,0.033,0.034,0.026,0.75,0.5,9,0.45,0.1,2.0,0.075,8,0.641,0.023
170,0.033,0.034,0.026,0.75,0.5,9,0.45,0.1,1.2,0.075,24,0.9121,0.027
171,0.033,0.034,0.078,0.75,0.5,3,0.45,0.06,1.2,0.075,40,0.8766,0.0344
172,0.099,0.034,0.026,0.75,0.3,3,0.45,0.1,1.2,0.075,40,1.2551,0.1222
173,0.033,0.034,0.026,0.75,0.5,3,0.45,0.06,2.0,0.075,40,0.9949,0.0251
174,0.033,0.034,0.078,0.75,0.5,3,0.45,0.1,1.2,0.075,40,0.9232,0.0233
175,0.033,0.034,0.078,0.75,0.5,3,0.45,0.1,2.0,0.075,24,0.6725,0.0625
176,0.099,0.034,0.026,0.75,0.1,3,0.45,0.1,2.0,0.075,40,1.254,0.0509
177,0.033,0.034,0.026,0.75,0.5,9,0.45,0.1,1.2,0.075,40,1.2481,0.0357
178,0.033,0.034,0.026,0.75,0.3,9,0.45,0.06,2.0,0.075,40,1.5358,0.0297
179,0.033,0.034,0.078,0.75,0.5,3,0.45,0.06,2.0,0.075,40,0.9695,0.0341
180,0.099,0.034,0.026,0.75,0.5,3,0.45,0.06,2.0,0.075,40,1.1003,0.0477
181,0.033,0.034,0.026,0.75,0.3,3,0.75,0.02,1.2,0.075,8,0.4122,0.0097
182,0.033,0.0204,0.026,0.75,0.5,3,0.75,0.02,0.4,0.075,24,0.3295,0.0073
183,0.033,0.034,0.026,0.75,0.1,3,0.75,0.1,1.2,0.075,8,0.4675,0.0089
184,0.033,0.034,0.026,0.75,0.1,3,0.75,0.1,0.4,0.075,24,0.7187,0.0342
185,0.033,0.0204,0.026,0.75,0.5,3,0.75,0.02,2.0,0.075,8,0.3417,0.0067
186,0.033,0.034,0.026,0.75,0.5,3,0.75,0.1,1.2,0.075,8,0.2624,0.0612
187,0.033,0.0204,0.026,0.75,0.5,3,0.75,0.06,0.4,0.075,40,0.5179,0.075
188,0.033,0.0068,0.026,0.75,0.5,3,0.75,0.02,2.0,0.075,24,0.3535,0.0385
189,0.033,0.0068,0.026,0.75,0.5,3,0.75,0.1,1.2,0.075,40,0.515,0.033
190,0.033,0.034,0.078,0.75,0.5,3,0.75,0.06,2.0,0.075,8,0.3387,0.0025
191,0.033,0.034,0.078,0.75,0.3,3,0.75,0.06,2.0,0.075,24,0.7057,0.038
192,0.033,0.034,0.026,0.45,0.5,3,0.75,0.02,2.0,0.075,40,0.4177,0.016
193,0.033,0.034,0.026,0.75,0.5,9,0.75,0.02,1.2,0.075,40,0.945,0.1295
194,0.033,0.034,0.026,0.75,0.1,9,0.75,0.02,2.0,0.075,40,1.3119,0.107
195,0.033,0.034,0.026,0.75,0.5,3,0.75,0.1,1.2,0.075,40,0.4674,0.0223
196,0.033,0.034,0.026,0.45,0.5,3,0.75,0.06,2.0,0.075,40,0.3242,0.053
197,0.033,0.034,0.026,0.75,0.3,9,0.75,0.1,1.2,0.075,40,1.2284,0.054
198,0.033,0.0204,0.026,0.75,0.5,9,0.75,0.02,2.0,0.075,40,0.9331,0.0314
199,0.033,0.0204,0.026,0.75,0.5,3,0.75,0.1,2.0,0.075,40,0.5486,0.0081
200,0.033,0.034,0.026,0.75,0.5,9,0.75,0.1,2.0,0.075,40,0.9929,0.0278
201,0.033,0.0068,0.026,0.45,0.1,15,0.15,0.06,0.4,0.075,40,0.5446,0.0324
202,0.033,0.0204,0.026,0.75,0.1,9,0.15,0.06,0.4,0.075,40,0.8231,0.0548
203,0.165,0.0068,0.026,0.75,0.1,3,0.15,0.02,1.2,0.075,40,0.696,0.0259
204,0.099,0.0068,0.026,0.75,0.1,9,0.15,0.02,1.2,0.075,40,0.8911,0.0685
205,0.165,0.0068,0.026,0.45,0.1,9,0.15,0.02,1.2,0.075,40,0.6059,0.0771
206,0.165,0.0068,0.026,0.45,0.1,3,0.15,0.02,2.0,0.075,40,0.7122,0.1198
207,0.033,0.0068,0.026,0.75,0.1,15,0.15,0.02,1.2,0.075,40,0.4785,0.1135
208,0.033,0.034,0.026,0.15,0.1,15,0.15,0.02,1.2,0.075,40,0.5206,0.0296
209,0.033,0.034,0.026,0.75,0.1,9,0.15,0.02,1.2,0.075,40,1.0372,0.0406
210,0.033,0.0068,0.026,0.75,0.1,9,0.15,0.1,1.2,0.075,40,1.077,0.019
211,0.033,0.034,0.026,0.15,0.1,9,0.15,0.02,2.0,0.075,40,0.4469,0.0041
212,0.033,0.0068,0.026,0.45,0.1,15,0.15,0.02,2.0,0.075,40,0.9358,0.0434
213,0.033,0.0068,0.078,0.75,0.1,15,0.15,0.02,1.2,0.075,40,0.562,0.0762
214,0.165,0.0068,0.026,0.75,0.1,15,0.15,0.06,0.4,0.075,40,0.0892,0.0152
215,0.099,0.034,0.026,0.75,0.1,15,0.15,0.02,0.4,0.075,40,0.1394,0.0487
216,0.033,0.0204,0.026,0.15,0.1,15,0.15,0.02,2.0,0.075,40,0.6124,0.0061
217,0.033,0.0204,0.078,0.75,0.1,15,0.15,0.06,0.4,0.075,40,0.2666,0.0608
218,0.165,0.0204,0.026,0.15,0.1,15,0.15,0.02,1.2,0.075,40,0.6021,0.0053
219,0.033,0.0204,0.078,0.45,0.1,15,0.15,0.02,1.2,0.075,40,0.7816,0.0223
220,0.033,0.0204,0.026,0.75,0.1,9,0.15,0.02,2.0,0.075,40,1.1268,0.0329
221,0.099,0.0068,0.026,0.45,0.1,9,0.15,0.06,2.0,0.075,40,0.8262,0.034
222,0.165,0.0204,0.026,0.75,0.1,9,0.15,0.1,0.4,0.075,40,0.8392,0.0189
223,0.099,0.0204,0.026,0.75,0.1,3,0.15,0.06,2.0,0.075,40,0.9347,0.0137
224,0.099,0.0068,0.026,0.45,0.1,15,0.15,0.02,2.0,0.075,40,0.9809,0.0189
225,0.099,0.0068,0.026,0.75,0.3,15,0.15,0.02,1.2,0.075,40,1.2295,0.0446
226,0.033,0.0068,0.026,0.75,0.3,15,0.15,0.06,1.2,0.075,40,1.257,0.0468
227,0.099,0.0204,0.026,0.45,0.1,15,0.15,0.06,1.2,0.075,40,0.8441,0.0276
228,0.033,0.0068,0.026,0.75,0.1,15,0.15,0.06,1.2,0.225,40,0.3345,0.1634
229,0.165,0.0204,0.026,0.45,0.1,15,0.15,0.1,0.4,0.075,40,0.5861,0.0776
230,0.099,0.0068,0.026,0.75,0.3,9,0.15,0.02,2.0,0.075,40,1.3018,0.0885
231,0.033,0.0068,0.026,0.75,0.3,9,0.15,0.06,2.0,0.075,40,1.4054,0.0751
232,0.033,0.0068,0.026,0.75,0.1,15,0.15,0.02,2.0,0.225,40,0.6706,0.1292
233,0.033,0.0068,0.026,0.45,0.1,15,0.15,0.1,2.0,0.075,40,0.9197,0.0717
234,0.033,0.034,0.078,0.75,0.1,15,0.15,0.02,1.2,0.075,40,0.602,0.1092
235,0.165,0.0068,0.026,0.75,0.3,15,0.15,0.02,1.2,0.075,40,1.1409,0.0209
236,0.099,0.034,0.026,0.75,0.1,15,0.15,0.1,0.4,0.075,40,0.1772,0.0596
237,0.033,0.0204,0.078,0.75,0.1,15,0.15,0.06,1.2,0.075,40,0.6463,0.08
238,0.165,0.0204,0.026,0.45,0.1,15,0.15,0.06,1.2,0.075,40,0.8124,0.0401
239,0.033,0.034,0.026,0.15,0.1,15,0.15,0.06,2.0,0.075,40,0.5921,0.0256
240,0.165,0.0068,0.078,0.75,0.1,15,0.15,0.1,0.4,0.075,40,0.1395,0.1042
241,0.099,0.034,0.026,0.75,0.1,9,0.15,0.02,2.0,0.075,40,1.0773,0.0484
242,0.099,0.0068,0.026,0.75,0.1,9,0.15,0.1,2.0,0.075,40,1.0691,0.0224
243,0.033,0.0204,0.026,0.75,0.1,9,0.15,0.1,2.0,0.075,40,1.0541,0.0585
244,0.099,0.0068,0.078,0.75,0.1,9,0.15,0.06,2.0,0.075,40,1.0179,0.0364
245,0.033,0.0068,0.026,0.75,0.1,15,0.15,0.1,2.0,0.075,40,0.5527,0.2623
246,0.165,0.0068,0.026,0.75,0.1,15,0.15,0.1,1.2,0.075,40,0.0619,0.0085
247,0.099,0.0068,0.078,0.75,0.1,15,0.15,0.02,2.0,0.075,40,0.5752,0.2062
248,0.165,0.034,0.026,0.45,0.1,15,0.15,0.06,1.2,0.075,40,0.6407,0.1557
249,0.165,0.034,0.026,0.15,0.1,15,0.15,0.02,2.0,0.075,40,0.7213,0.0419
250,0.099,0.034,0.078,0.75,0.1,15,0.15,0.02,1.2,0.075,40,0.23,0.1592
251,0.099,0.0204,0.026,0.75,0.3,15,0.15,0.06,1.2,0.075,40,1.1349,0.1014
252,0.099,0.0068,0.026,0.75,0.3,15,0.15,0.1,1.2,0.075,40,1.0961,0.1045
253,0.165,0.034,0.026,0.75,0.1,9,0.15,0.1,1.2,0.075,40,0.92,0.0448
254,0.099,0.034,0.078,0.75,0.1,9,0.15,0.02,2.0,0.075,40,1.0487,0.0228
255,0.165,0.0204,0.026,0.45,0.1,9,0.15,0.1,2.0,0.075,40,0.8285,0.0159
256,0.099,0.0204,0.026,0.75,0.3,9,0.15,0.06,2.0,0.075,40,1.3034,0.0091
257,0.099,0.034,0.026,0.75,0.1,15,0.15,0.02,2.0,0.075,40,0.3882,0.0549
258,0.033,0.0204,0.026,0.75,0.1,15,0.15,0.1,2.0,0.075,40,0.5673,0.0254
259,0.099,0.0204,0.078,0.75,0.1,15,0.15,0.02,2.0,0.075,40,0.5624,0.2278
260,0.033,0.034,0.026,0.45,0.1,15,0.15,0.1,2.0,0.075,40,0.6966,0.0716
261,0.033,0.034,0.026,0.75,0.1,15,0.15,0.02,2.0,0.225,40,0.466,0.2224
262,0.033,0.0204,0.026,0.75,0.1,15,0.15,0.06,2.0,0.225,40,0.4483,0.1659
263,0.099,0.034,0.078,0.75,0.1,15,0.15,0.06,1.2,0.075,40,0.253,0.1927
264,0.033,0.0068,0.078,0.75,0.3,15,0.15,0.06,2.0,0.075,40,1.1695,0.0453
265,0.165,0.0204,0.026,0.45,0.3,15,0.15,0.02,2.0,0.075,40,1.1407,0.0128
266,0.165,0.0068,0.078,0.45,0.1,15,0.15,0.06,2.0,0.075,40,0.6847,0.249
267,0.099,0.0204,0.026,0.75,0.1,15,0.15,0.02,2.0,0.225,40,0.7279,0.1009
268,0.099,0.0068,0.026,0.75,0.5,15,0.15,0.02,2.0,0.075,40,1.0843,0.0392
269,0.033,0.0204,0.078,0.75,0.1,15,0.15,0.02,2.0,0.225,40,0.3209,0.0441
270,0.033,0.034,0.078,0.75,0.1,9,0.15,0.1,2.0,0.075,40,1.0293,0.0329
271,0.099,0.0204,0.026,0.75,0.1,15,0.15,0.1,2.0,0.075,40,0.8653,0.0334
272,0.033,0.034,0.026,0.75,0.3,15,0.15,0.06,2.0,0.075,40,1.2263,0.0406
273,0.099,0.0068,0.078,0.75,0.1,15,0.15,0.1,2.0,0.075,40,0.8727,0.0821
274,0.099,0.0204,0.026,0.75,0.3,15,0.15,0.06,2.0,0.075,40,1.2087,0.0561
275,0.165,0.034,0.078,0.45,0.1,15,0.15,0.02,2.0,0.075,40,0.8769,0.0232
276,0.099,0.0204,0.13,0.75,0.1,15,0.15,0.02,2.0,0.075,40,0.8376,0.0402
277,0.033,0.0068,0.13,0.75,0.1,15,0.15,0.1,2.0,0.075,40,0.8009,0.1111
278,0.033,0.034,0.026,0.75,0.5,15,0.15,0.02,2.0,0.075,40,1.0897,0.0316
279,0.099,0.034,0.026,0.75,0.3,15,0.15,0.1,1.2,0.075,40,1.0837,0.0487
280,0.099,0.034,0.026,0.75,0.1,15,0.15,0.02,2.0,0.225,40,0.7694,0.0284
281,0.165,0.0068,0.078,0.45,0.1,15,0.15,0.1,2.0,0.075,40,0.8219,0.1558
282,0.165,0.0204,0.026,0.75,0.1,15,0.15,0.1,2.0,0.075,40,0.7834,0.0695
283,0.165,0.0068,0.026,0.75,0.3,15,0.15,0.1,2.0,0.075,40,1.1937,0.0327
284,0.099,0.0204,0.078,0.75,0.1,15,0.15,0.1,2.0,0.075,40,0.9511,0.1104
285,0.165,0.0204,0.13,0.75,0.1,15,0.15,0.02,2.0,0.075,40,0.8495,0.0175
286,0.033,0.034,0.026,0.75,0.1,15,0.15,0.1,2.0,0.225,40,0.7115,0.0455
287,0.165,0.034,0.078,0.75,0.1,9,0.15,0.1,2.0,0.075,40,0.9824,0.0173
288,0.165,0.034,0.026,0.75,0.3,9,0.15,0.1,2.0,0.075,40,1.1399,0.0301
289,0.165,0.034,0.078,0.75,0.1,15,0.15,0.06,2.0,0.075,40,0.665,0.1425
290,0.033,0.034,0.026,0.75,0.1,15,0.45,0.02,0.4,0.075,40,0.5922,0.055
291,0.033,0.0204,0.026,0.75,0.1,15,0.45,0.02,1.2,0.075,40,1.0004,0.0645
292,0.033,0.0068,0.078,0.75,0.1,15,0.45,0.02,1.2,0.075,40,0.7197,0.2695
293,0.033,0.0068,0.078,0.75,0.1,15,0.45,0.02,2.0,0.075,40,1.1127,0.0463
294,0.099,0.034,0.026,0.75,0.1,15,0.45,0.02,1.2,0.075,40,0.8959,0.075
295,0.033,0.0068,0.026,0.75,0.3,15,0.45,0.02,2.0,0.075,40,1.3423,0.0555
296,0.099,0.0204,0.026,0.75,0.1,15,0.45,0.06,1.2,0.075,40,0.9229,0.1169
297,0.099,0.0204,0.026,0.75,0.1,9,0.45,0.06,2.0,0.075,40,1.1256,0.0695
298,0.033,0.034,0.026,0.75,0.1,15,0.45,0.02,2.0,0.075,40,1.1702,0.0467
299,0.033,0.034,0.026,0.75,0.1,15,0.45,0.1,1.2,0.075,40,0.9638,0.0549
300,0.033,0.0204,0.026,0.75,0.3,15,0.45,0.02,2.0,0.075,40,1.4587,0.0301
301,0.033,0.0068,0.078,0.75,0.1,15,0.45,0.1,2.0,0.075,40,1.0536,0.0351
302,0.165,0.0204,0.026,0.75,0.1,15,0.75,0.02,2.0,0.075,40,1.265,0.0334
303,0.099,0.0068,0.026,0.75,0.1,9,0.15,0.1,1.2,0.075,40,0.9885,0.1153
304,0.099,0.0068,0.026,0.75,0.3,15,0.15,0.02,1.2,0.075,40,1.275,0.0586
305,0.033,0.0068,0.078,0.45,0.3,15,0.15,0.06,1.2,0.075,40,0.8605,0.246
306,0.033,0.0204,0.026,0.45,0.3,15,0.15,0.06,1.2,0.075,40,0.9576,0.2245
307,0.165,0.0068,0.026,0.75,0.1,9,0.15,0.02,2.0,0.075,40,0.956,0.0006
308,0.033,0.0068,0.026,0.75,0.5,15,0.15,0.02,1.2,0.225,40,0.9046,0.2097
309,0.033,0.0068,0.026,0.75,0.3,15,0.15,0.02,2.0,0.075,40,1.278,0.0175
310,0.033,0.0068,0.078,0.45,0.3,15,0.15,0.1,1.2,0.075,40,1.0598,0.0795
311,0.165,0.0068,0.026,0.75,0.3,9,0.15,0.02,2.0,0.075,40,1.37,0.1003
312,0.033,0.0204,0.026,0.75,0.3,9,0.15,0.02,2.0,0.225,40,1.27,0.0767
313,0.099,0.0068,0.026,0.75,0.1,9,0.15,0.1,2.0,0.075,40,1.1724,0.0452
314,0.033,0.0204,0.026,0.75,0.1,9,0.15,0.1,2.0,0.075,40,1.0855,0.0916
315,0.033,0.0068,0.13,0.75,0.5,15,0.15,0.02,1.2,0.075,40,0.9729,0.0521
316,0.165,0.0068,0.078,0.45,0.5,15,0.15,0.02,1.2,0.075,40,0.9856,0.1182
317,0.033,0.0068,0.026,0.75,0.3,15,0.15,0.02,2.0,0.225,40,1.2681,0.0768
318,0.099,0.0068,0.078,0.45,0.5,15,0.15,0.06,1.2,0.075,40,0.831,0.3285
319,0.099,0.034,0.026,0.45,0.3,15,0.15,0.06,1.2,0.075,40,1.2207,0.0438
320,0.033,0.0204,0.026,0.75,0.3,9,0.15,0.06,2.0,0.225,40,1.577,0.014
321,0.033,0.034,0.078,0.75,0.1,9,0.15,0.06,2.0,0.075,40,1.1388,0.0182
322,0.033,0.0204,0.078,0.75,0.5,15,0.15,0.06,1.2,0.075,40,1.0706,0.0263
323,0.099,0.034,0.026,0.45,0.3,15,0.15,0.02,2.0,0.075,40,1.2661,0.0556
324,0.033,0.0204,0.078,0.75,0.3,15,0.15,0.02,2.0,0.075,40,1.0213,0.3077
325,0.033,0.034,0.026,0.45,0.3,15,0.15,0.02,2.0,0.225,40,1.271,0.0192
326,0.165,0.0204,0.026,0.45,0.3,15,0.15,0.1,1.2,0.075,40,1.082,0.2837
327,0.033,0.0068,0.026,0.45,0.3,15,0.15,0.1,2.0,0.225,40,1.177,0.0276
328,0.099,0.034,0.078,0.75,0.3,9,0.15,0.02,2.0,0.075,40,1.3791,0.0656
329,0.033,0.034,0.078,0.75,0.3,9,0.15,0.02,2.0,0.225,40,1.4051,0.0159
330,0.165,0.0204,0.026,0.75,0.1,9,0.15,0.1,2.0,0.075,40,1.3045,0.0397
331,0.165,0.0068,0.13,0.75,0.5,15,0.15,0.02,1.2,0.075,40,0.9126,0.1249
332,0.033,0.0068,0.026,0.75,0.5,15,0.15,0.1,2.0,0.075,40,1.0899,0.1161
333,0.033,0.0204,0.13,0.75,0.3,15,0.15,0.02,2.0,0.075,40,1.006,0.1072
334,0.165,0.0068,0.13,0.45,0.3,15,0.15,0.02,2.0,0.075,40,0.9879,0.0852
335,0.165,0.0068,0.13,0.45,0.3,15,0.15,0.1,1.2,0.075,40,0.7943,0.1777
336,0.033,0.034,0.026,0.45,0.5,15,0.15,0.06,2.0,0.075,40,0.6993,0.1695
337,0.099,0.0068,0.026,0.45,0.5,15,0.15,0.1,2.0,0.075,40,1.0119,0.2601
338,0.099,0.034,0.026,0.75,0.3,15,0.15,0.1,1.2,0.075,40,0.991,0.2344
339,0.033,0.0204,0.078,0.75,0.3,9,0.15,0.1,2.0,0.225,40,0.7086,0.3056
340,0.033,0.034,0.13,0.75,0.3,15,0.15,0.1,1.2,0.075,40,0.8357,0.2398
341,0.033,0.0204,0.13,0.75,0.5,15,0.15,0.1,1.2,0.075,40,0.7406,0.1607
342,0.099,0.0204,0.13,0.75,0.5,15,0.15,0.02,1.2,0.225,40,0.8214,0.3025
343,0.099,0.034,0.13,0.75,0.3,15,0.15,0.06,1.2,0.075,40,0.8347,0.1446
344,0.033,0.0204,0.026,0.75,0.3,15,0.15,0.1,2.0,0.225,40,1.217,0.069
345,0.165,0.0204,0.078,0.75,0.3,15,0.15,0.02,2.0,0.075,40,0.9963,0.3096
346,0.033,0.034,0.026,0.75,0.5,15,0.15,0.1,1.2,0.225,40,1.0457,0.0785
347,0.165,0.0068,0.026,0.75,0.3,15,0.15,0.06,2.0,0.225,40,0.8802,0.2109
348,0.033,0.0204,0.13,0.75,0.3,15,0.15,0.1,2.0,0.075,40,1.0031,0.0844
349,0.165,0.0068,0.13,0.75,0.3,15,0.15,0.06,2.0,0.075,40,0.9729,0.03
350,0.165,0.034,0.078,0.75,0.5,15,0.15,0.02,1.2,0.225,40,0.9151,0.0892
351,0.165,0.0204,0.078,0.75,0.5,15,0.15,0.06,1.2,0.225,40,0.9039,0.044
352,0.165,0.034,0.078,0.75,0.3,15,0.15,0.02,2.0,0.075,40,1.1168,0.041
353,0.099,0.034,0.078,0.75,0.3,15,0.15,0.06,2.0,0.225,40,0.9319,0.1733
354,0.165,0.034,0.13,0.75,0.5,15,0.15,0.06,1.2,0.225,40,0.8348,0.0544
355,0.165,0.0204,0.078,0.75,0.5,15,0.15,0.1,2.0,0.075,40,0.916,0.0153
356,0.099,0.034,0.026,0.75,0.3,3,0.45,0.02,1.2,0.075,40,0.8289,0.0334
357,0.099,0.0068,0.078,0.75,0.1,9,0.45,0.02,2.0,0.075,40,0.956,0.0079
358,0.033,0.0204,0.026,0.75,0.1,15,0.45,0.02,2.0,0.075,40,0.2471,0.0419
359,0.099,0.0068,0.078,0.75,0.3,15,0.45,0.02,1.2,0.075,40,1.1325,0.0421
360,0.099,0.0204,0.026,0.75,0.1,9,0.45,0.06,2.0,0.075,40,1.1749,0.0332
361,0.033,0.0204,0.078,0.75,0.3,9,0.45,0.02,2.0,0.075,40,0.1872,0.0097
362,0.033,0.0068,0.13,0.75,0.3,9,0.45,0.02,2.0,0.075,40,1.1216,0.0506
363,0.099,0.0068,0.026,0.75,0.1,15,0.45,0.06,2.0,0.075,40,1.0066,0.0245
364,0.165,0.0068,0.026,0.75,0.5,15,0.45,0.02,1.2,0.075,40,1.1605,0.0585
365,0.099,0.0068,0.078,0.75,0.1,9,0.45,0.1,2.0,0.075,40,1.2671,0.0061
366,0.099,0.0204,0.13,0.75,0.1,9,0.45,0.02,2.0,0.075,40,1.2337,0.0227
367,0.099,0.0204,0.026,0.75,0.3,15,0.45,0.02,2.0,0.075,40,1.3962,0.0786
368,0.099,0.0068,0.026,0.75,0.1,15,0.45,0.06,2.0,0.225,40,0.7022,0.0942
369,0.099,0.0204,0.026,0.45,0.3,15,0.45,0.06,2.0,0.075,40,0.4503,0.0039
370,0.099,0.0204,0.078,0.75,0.5,15,0.45,0.02,1.2,0.075,40,1.0168,0.0362
371,0.165,0.034,0.078,0.75,0.1,9,0.45,0.02,2.0,0.075,40,1.1473,0.0408
372,0.033,0.0204,0.13,0.75,0.3,9,0.45,0.06,2.0,0.075,40,1.1413,0.1436
373,0.033,0.034,0.078,0.75,0.1,9,0.45,0.1,2.0,0.075,40,1.1408,0.0258
374,0.099,0.0204,0.078,0.75,0.1,15,0.45,0.02,2.0,0.225,40,0.6779,0.2465
375,0.165,0.0204,0.078,0.75,0.5,15,0.45,0.02,1.2,0.075,40,1.0454,0.0664
376,0.165,0.0068,0.078,0.75,0.3,15,0.45,0.1,1.2,0.075,40,1.1325,0.0233
377,0.099,0.0204,0.078,0.75,0.3,9,0.45,0.1,2.0,0.075,40,0.1526,0.0006
378,0.165,0.0204,0.026,0.75,0.3,9,0.45,0.1,2.0,0.075,40,0.2262,0.0125
379,0.033,0.0204,0.13,0.75,0.3,15,0.45,0.06,2.0,0.075,40,1.2142,0.0306
380,0.099,0.0204,0.13,0.75,0.3,15,0.45,0.02,2.0,0.075,40,1.1519,0.0759
381,0.099,0.0068,0.026,0.75,0.3,15,0.45,0.1,2.0,0.225,40,1.0917,0.3476
382,0.165,0.0068,0.13,0.75,0.1,15,0.45,0.06,2.0,0.075,40,0.968,0.033
383,0.165,0.0068,0.026,0.75,0.3,15,0.45,0.06,2.0,0.225,40,1.3755,0.0292
384,0.165,0.0204,0.078,0.75,0.3,15,0.45,0.1,1.2,0.075,40,1.1865,0.1048
385,0.165,0.034,0.026,0.75,0.3,15,0.45,0.06,1.2,0.225,40,0.9145,0.3214
386,0.165,0.034,0.078,0.75,0.3,9,0.45,0.06,2.0,0.075,40,1.3755,0.0345
387,0.099,0.034,0.13,0.75,0.1,9,0.45,0.1,2.0,0.075,40,1.246,0.0089
388,0.033,0.034,0.026,0.75,0.3,15,0.45,0.1,2.0,0.225,40,1.2172,0.0124
389,0.099,0.0068,0.078,0.75,0.3,15,0.45,0.1,2.0,0.225,40,1.06,0.4031
390,0.033,0.034,0.13,0.45,0.3,15,0.45,0.1,2.0,0.075,40,0.3561,0.0523
391,0.165,0.034,0.13,0.75,0.1,9,0.45,0.1,2.0,0.075,40,1.1528,0.0046
392,0.099,0.034,0.026,0.75,0.3,15,0.45,0.1,2.0,0.225,40,1.3062,0.1567
393,0.099,0.0204,0.078,0.75,0.3,15,0.45,0.1,2.0,0.225,40,0.9416,0.3356
394,0.165,0.034,0.13,0.75,0.1,15,0.45,0.02,2.0,0.225,40,0.7853,0.2176
395,0.033,0.0204,0.13,0.75,0.3,15,0.45,0.1,2.0,0.225,40,0.951,0.3132
396,0.099,0.034,0.13,0.75,0.1,15,0.45,0.1,2.0,0.225,40,0.7127,0.1955
397,0.099,0.0204,0.078,0.75,0.1,15,0.75,0.02,2.0,0.075,40,0.9192,0.0604
398,0.033,0.034,0.026,0.75,0.1,15,0.75,0.06,2.0,0.075,40,0.248,0.0593
399,0.033,0.0204,0.078,0.75,0.1,15,0.75,0.06,2.0,0.075,40,0.6398,0.2913
400,0.033,0.0204,0.026,0.75,0.1,15,0.75,0.06,2.0,0.225,40,0.5758,0.1724
401,0.033,0.0204,0.078,0.75,0.1,15,0.75,0.1,2.0,0.075,40,0.9071,0.0484
402,0.099,0.034,0.026,0.75,0.1,15,0.75,0.1,2.0,0.075,40,1.0797,0.099
403,0.165,0.034,0.078,0.75,0.1,15,0.75,0.06,2.0,0.075,40,0.3888,0.0237
404,0.099,0.034,0.13,0.75,0.1,15,0.75,0.1,2.0,0.075,40,1.08,0.0397
405,0.033,0.0068,0.026,0.75,0.3,9,0.15,0.06,2.0,0.225,40,1.1475,0.0206
406,0.033,0.0204,0.026,0.75,0.3,9,0.15,0.06,2.0,0.225,40,1.2372,0.0446
407,0.033,0.0068,0.13,0.75,0.3,9,0.15,0.02,2.0,0.225,40,1.1424,0.0378
408,0.033,0.0068,0.13,0.75,0.3,9,0.15,0.06,2.0,0.075,40,1.1168,0.052
409,0.033,0.0204,0.026,0.75,0.3,9,0.15,0.1,2.0,0.225,40,1.2983,0.1535
410,0.033,0.0204,0.13,0.75,0.3,9,0.15,0.02,2.0,0.225,40,0.9931,0.1211
411,0.099,0.0204,0.13,0.75,0.3,9,0.15,0.02,2.0,0.075,40,1.2072,0.0863
412,0.099,0.0068,0.13,0.75,0.3,9,0.15,0.02,2.0,0.225,40,1.1615,0.0576
413,0.099,0.0068,0.13,0.75,0.3,9,0.15,0.06,2.0,0.075,40,1.2099,0.1221
414,0.033,0.0068,0.13,0.75,0.3,9,0.15,0.06,2.0,0.225,40,1.1667,0.0302
415,0.165,0.0068,0.078,0.75,0.3,9,0.15,0.02,2.0,0.225,40,1.2088,0.0981
416,0.033,0.034,0.13,0.75,0.3,9,0.15,0.02,2.0,0.225,40,1.1788,0.049
417,0.165,0.0204,0.13,0.75,0.3,9,0.15,0.02,2.0,0.075,40,1.21,0.0996
418,0.099,0.0204,0.13,0.75,0.3,9,0.15,0.02,2.0,0.225,40,1.1832,0.0805
419,0.099,0.0204,0.078,0.75,0.3,9,0.15,0.06,2.0,0.225,40,1.2621,0.0653
420,0.165,0.0068,0.13,0.75,0.3,9,0.15,0.06,2.0,0.075,40,1.1319,0.0502
421,0.033,0.0204,0.13,0.75,0.3,9,0.15,0.06,2.0,0.225,40,1.0504,0.073
422,0.165,0.034,0.026,0.75,0.3,9,0.15,0.02,2.0,0.225,40,1.2743,0.0544
423,0.099,0.034,0.13,0.75,0.3,9,0.15,0.02,2.0,0.225,40,1.2291,0.0647
424,0.165,0.034,0.13,0.75,0.3,9,0.15,0.02,2.0,0.075,40,1.1845,0.0717
425,0.099,0.034,0.026,0.75,0.3,9,0.15,0.1,2.0,0.225,40,1.369,0.053
426,0.033,0.034,0.13,0.75,0.3,9,0.15,0.06,2.0,0.225,40,1.2077,0.0915
427,0.165,0.0204,0.13,0.75,0.3,9,0.15,0.06,2.0,0.075,40,1.1686,0.1102
428,0.165,0.0204,0.13,0.75,0.3,9,0.15,0.02,2.0,0.225,40,1.1424,0.0502
429,0.165,0.034,0.078,0.75,0.3,9,0.15,0.02,2.0,0.225,40,1.2962,0.1582
430,0.099,0.0204,0.13,0.75,0.3,9,0.15,0.06,2.0,0.225,40,1.2093,0.1097
431,0.165,0.034,0.13,0.75,0.3,9,0.15,0.02,2.0,0.225,40,1.4462,0.1303
432,0.033,0.0204,0.026,0.75,0.1,9,0.45,0.1,2.0,0.075,40,1.6469,0.2578
433,0.033,0.0068,0.078,0.75,0.1,9,0.45,0.1,2.0,0.075,40,1.5488,0.235
434,0.033,0.0068,0.13,0.75,0.1,9,0.45,0.06,2.0,0.075,40,1.5692,0.1916
435,0.033,0.0204,0.026,0.75,0.3,9,0.45,0.06,2.0,0.075,40,1.5569,0.2929
436,0.099,0.0068,0.026,0.75,0.3,15,0.45,0.02,2.0,0.075,40,1.3978,0.1353
437,0.033,0.0204,0.078,0.75,0.1,15,0.45,0.02,2.0,0.075,40,1.1329,0.1515
438,0.033,0.034,0.026,0.75,0.1,15,0.45,0.02,2.0,0.075,40,0.9895,0.1521
439,0.099,0.0068,0.078,0.75,0.1,15,0.45,0.02,2.0,0.075,40,1.1029,0.0535
440,0.033,0.034,0.026,0.75,0.3,9,0.45,0.06,2.0,0.075,40,1.3654,0.071
441,0.033,0.0204,0.026,0.75,0.3,9,0.45,0.1,2.0,0.075,40,1.3274,0.0852
442,0.165,0.0068,0.13,0.75,0.1,9,0.45,0.02,2.0,0.075,40,1.0188,0.0549
443,0.033,0.0068,0.13,0.75,0.1,9,0.45,0.1,2.0,0.075,40,0.9959,0.0567
444,0.165,0.0068,0.078,0.75,0.3,9,0.45,0.02,2.0,0.075,40,1.3399,0.1095
445,0.033,0.0204,0.13,0.75,0.1,15,0.45,0.02,2.0,0.075,40,0.9933,0.2145
446,0.033,0.0068,0.13,0.75,0.1,15,0.45,0.06,2.0,0.075,40,0.9561,0.1188
447,0.099,0.0068,0.078,0.75,0.3,15,0.45,0.02,2.0,0.075,40,1.3114,0.0668
448,0.099,0.034,0.026,0.75,0.1,15,0.45,0.02,2.0,0.075,40,1.0316,0.2213
449,0.033,0.034,0.026,0.75,0.3,15,0.45,0.02,2.0,0.075,40,1.2133,0.0927
450,0.099,0.0068,0.026,0.75,0.3,15,0.45,0.06,2.0,0.075,40,1.3754,0.0862
451,0.099,0.0068,0.13,0.75,0.1,15,0.45,0.02,2.0,0.075,40,0.8546,0.2008
452,0.099,0.0068,0.078,0.75,0.1,15,0.45,0.06,2.0,0.075,40,0.926,0.2004
453,0.165,0.0068,0.13,0.75,0.3,9,0.45,0.02,2.0,0.075,40,1.2676,0.0737
454,0.033,0.0204,0.13,0.75,0.1,9,0.45,0.1,2.0,0.075,40,1.1363,0.0275
455,0.099,0.0204,0.13,0.75,0.3,9,0.45,0.02,2.0,0.075,40,1.2721,0.0422
456,0.033,0.0204,0.13,0.75,0.1,15,0.45,0.06,2.0,0.075,40,0.6093,0.0853
457,0.099,0.0204,0.078,0.75,0.1,15,0.45,0.06,2.0,0.075,40,0.783,0.1035
458,0.099,0.034,0.026,0.75,0.3,15,0.45,0.02,2.0,0.075,40,1.207,0.0966
459,0.099,0.0204,0.13,0.75,0.1,15,0.45,0.02,2.0,0.075,40,0.713,0.0342
460,0.033,0.0204,0.078,0.75,0.1,15,0.45,0.1,2.0,0.075,40,0.9374,0.0472
461,0.033,0.034,0.078,0.75,0.3,15,0.45,0.02,2.0,0.075,40,1.0262,0.0309
462,0.099,0.0068,0.13,0.75,0.1,15,0.45,0.06,2.0,0.075,40,0.6,0.0582
463,0.099,0.0204,0.026,0.75,0.1,15,0.45,0.1,2.0,0.075,40,0.8204,0.0972
464,0.099,0.0068,0.078,0.75,0.1,15,0.45,0.1,2.0,0.075,40,0.8385,0.1379
465,0.165,0.034,0.026,0.75,0.1,15,0.45,0.02,2.0,0.075,40,0.7884,0.0794
466,0.099,0.0068,0.026,0.75,0.3,15,0.45,0.1,2.0,0.075,40,1.2456,0.0493
467,0.165,0.0204,0.026,0.75,0.1,15,0.45,0.06,2.0,0.075,40,0.6415,0.237
468,0.165,0.0204,0.13,0.75,0.3,9,0.45,0.02,2.0,0.075,40,1.2378,0.0629
469,0.165,0.034,0.078,0.75,0.3,9,0.45,0.02,2.0,0.075,40,1.2374,0.0855
470,0.099,0.034,0.13,0.75,0.3,9,0.45,0.02,2.0,0.075,40,0.9745,0.188
471,0.165,0.0068,0.13,0.75,0.3,9,0.45,0.02,2.0,0.225,40,1.0073,0.0826
472,0.033,0.034,0.13,0.75,0.1,15,0.45,0.06,2.0,0.075,40,0.5884,0.0117
473,0.099,0.034,0.078,0.75,0.1,15,0.45,0.06,2.0,0.075,40,0.5991,0.049
474,0.033,0.034,0.078,0.75,0.1,15,0.45,0.1,2.0,0.075,40,0.5912,0.0135
475,0.099,0.034,0.026,0.75,0.1,15,0.45,0.1,2.0,0.075,40,0.6722,0.1265
476,0.033,0.0204,0.13,0.75,0.1,15,0.45,0.1,2.0,0.075,40,0.6157,0.0861
477,0.099,0.0204,0.13,0.75,0.1,15,0.45,0.06,2.0,0.075,40,0.6946,0.1044
478,0.099,0.0204,0.078,0.75,0.1,15,0.45,0.1,2.0,0.075,40,0.6857,0.053
479,0.165,0.0204,0.026,0.75,0.3,15,0.45,0.02,2.0,0.225,40,1.1356,0.0159
480,0.099,0.034,0.026,0.75,0.3,15,0.45,0.06,2.0,0.075,40,1.1632,0.0877
481,0.099,0.034,0.078,0.75,0.3,15,0.45,0.02,2.0,0.075,40,1.0888,0.0468
482,0.099,0.034,0.026,0.75,0.3,15,0.45,0.02,2.0,0.225,40,1.1365,0.0306
483,0.033,0.034,0.078,0.75,0.3,15,0.45,0.06,2.0,0.075,40,1.068,0.0503
484,0.165,0.034,0.026,0.75,0.3,15,0.45,0.02,2.0,0.075,40,1.1688,0.0652
485,0.165,0.034,0.026,0.75,0.1,15,0.45,0.06,2.0,0.075,40,0.7619,0.0659
486,0.033,0.034,0.13,0.75,0.3,15,0.45,0.02,2.0,0.075,40,1.0103,0.0387
487,0.165,0.0204,0.026,0.75,0.3,15,0.45,0.06,2.0,0.075,40,1.1858,0.091
488,0.165,0.0204,0.078,0.75,0.1,15,0.45,0.06,2.0,0.075,40,0.8664,0.0914
489,0.033,0.034,0.026,0.75,0.3,15,0.45,0.1,2.0,0.075,40,1.1457,0.0498
490,0.165,0.0204,0.026,0.75,0.1,15,0.45,0.1,2.0,0.075,40,0.7111,0.0943
491,0.165,0.0068,0.078,0.75,0.3,15,0.45,0.06,2.0,0.075,40,1.1061,0.0717
492,0.165,0.034,0.13,0.75,0.3,9,0.45,0.02,2.0,0.075,40,1.0243,0.1124
493,0.165,0.0204,0.13,0.75,0.3,9,0.45,0.06,2.0,0.075,40,1.0889,0.0746
494,0.165,0.0204,0.13,0.75,0.3,9,0.45,0.02,2.0,0.225,40,1.1436,0.0322
495,0.033,0.034,0.13,0.75,0.1,15,0.45,0.1,2.0,0.075,40,0.6376,0.0259
496,0.165,0.034,0.026,0.75,0.3,15,0.45,0.02,2.0,0.225,40,1.1479,0.0467
497,0.165,0.034,0.026,0.75,0.1,15,0.45,0.1,2.0,0.075,40,0.7513,0.122
498,0.165,0.034,0.026,0.75,0.3,15,0.45,0.06,2.0,0.075,40,1.1068,0.0754
499,0.099,0.034,0.026,0.75,0.3,15,0.45,0.1,2.0,0.075,40,1.0483,0.1169
500,0.165,0.034,0.13,0.75,0.1,15,0.45,0.02,2.0,0.075,40,0.729,0.0982
501,0.165,0.0204,0.078,0.75,0.1,15,0.45,0.1,2.0,0.075,40,0.729,0.0354
502,0.165,0.034,0.13,0.75,0.3,9,0.45,0.06,2.0,0.075,40,1.2582,0.0228
503,0.165,0.034,0.13,0.75,0.1,15,0.45,0.06,2.0,0.075,40,0.7214,0.1036
504,0.165,0.034,0.026,0.75,0.3,15,0.45,0.1,2.0,0.075,40,1.1188,0.0538
505,0.165,0.0068,0.026,0.75,0.1,15,0.75,0.06,2.0,0.075,40,0.8651,0.1333
506,0.033,0.0068,0.13,0.75,0.1,15,0.75,0.1,2.0,0.075,40,0.7869,0.0742
507,0.033,0.0204,0.026,1.5,0.1,9,0.15,0.06,4.0,0.075,80,1.2841,0.3151
508,0.099,0.0204,0.026,1.5,0.1,9,0.15,0.02,4.0,0.075,80,1.7952,0.4336
509,0.033,0.0068,0.026,1.5,0.5,9,0.15,0.02,4.0,0.075,80,1.2024,0.057
510,0.099,0.0068,0.078,1.5,0.1,9,0.15,0.02,4.0,0.075,80,1.8168,0.5051
511,0.165,0.0068,0.026,1.5,0.1,9,0.15,0.06,4.0,0.075,80,2.1345,0.2695
512,0.165,0.0068,0.026,1.5,0.3,9,0.15,0.02,4.0,0.075,80,1.6957,0.0971
513,0.099,0.0068,0.026,1.5,0.1,9,0.15,0.06,4.0,0.225,80,1.8942,0.5132
514,0.165,0.034,0.026,1.5,0.1,9,0.15,0.02,4.0,0.075,80,1.9346,0.1713
515,0.099,0.034,0.026,1.5,0.3,9,0.15,0.02,4.0,0.075,80,2.1699,0.1277
516,0.165,0.0204,0.078,1.5,0.1,9,0.15,0.02,4.0,0.075,80,2.1071,0.5427
517,0.033,0.034,0.078,1.5,0.1,9,0.15,0.02,4.0,0.225,80,1.9272,0.3773
518,0.099,0.034,0.026,1.5,0.3,9,0.15,0.06,4.0,0.075,80,2.0607,0.3014
519,0.165,0.0204,0.026,1.5,0.3,9,0.15,0.06,4.0,0.075,80,1.5186,0.212
520,0.099,0.0204,0.026,1.5,0.5,9,0.15,0.06,4.0,0.075,80,1.2532,0.0571
521,0.033,0.034,0.078,1.5,0.1,9,0.15,0.1,4.0,0.075,80,1.9692,0.3839
522,0.165,0.0068,0.078,1.5,0.1,9,0.15,0.1,4.0,0.075,80,1.9736,0.4812
523,0.033,0.034,0.13,1.5,0.3,9,0.15,0.02,4.0,0.075,80,1.6375,0.0248
524,0.165,0.0068,0.078,1.5,0.5,9,0.15,0.02,4.0,0.075,80,1.3485,0.1674
525,0.099,0.0204,0.026,1.5,0.1,9,0.15,0.1,4.0,0.225,80,1.6961,0.2303
526,0.099,0.0204,0.026,1.5,0.3,9,0.15,0.06,4.0,0.225,80,2.054,0.1735
527,0.033,0.0068,0.078,1.5,1.0,9,0.15,0.02,4.0,0.075,80,0.1728,0.0149
528,0.165,0.0204,0.026,1.5,0.3,9,0.15,0.1,4.0,0.075,80,1.8572,0.0768
529,0.165,0.034,0.078,1.5,0.3,9,0.15,0.02,4.0,0.075,80,1.9521,0.1079
530,0.033,0.034,0.078,1.5,0.5,9,0.15,0.06,4.0,0.075,80,1.2195,0.0444
531,0.099,0.034,0.078,1.5,0.5,9,0.15,0.02,4.0,0.075,80,1.363,0.1523
532,0.099,0.0204,0.078,1.5,0.5,9,0.15,0.06,4.0,0.075,80,1.3322,0.098
533,0.165,0.0204,0.078,1.5,0.5,9,0.15,0.02,4.0,0.075,80,1.3498,0.2626
534,0.099,0.0204,0.13,1.5,0.1,9,0.15,0.1,4.0,0.075,80,1.7196,0.1337
535,0.099,0.0204,0.13,1.5,0.3,9,0.15,0.06,4.0,0.075,80,2.1463,0.0477
536,0.165,0.0068,0.13,1.5,0.1,9,0.15,0.1,4.0,0.075,80,1.7274,0.1407
537,0.099,0.0068,0.13,1.5,0.3,9,0.15,0.1,4.0,0.075,80,1.7321,0.2863
538,0.165,0.0068,0.13,1.5,0.5,9,0.15,0.02,4.0,0.075,80,1.3629,0.1045
539,0.33,0.034,0.026,1.5,0.1,9,0.15,0.02,4.0,0.075,80,2.087,0.4419
540,0.033,0.0204,0.026,1.5,0.3,9,0.15,0.2,4.0,0.075,80,2.0901,0.2496
541,0.099,0.0068,0.026,1.5,0.3,9,0.15,0.2,4.0,0.075,80,1.9623,0.1101
542,0.033,0.0068,0.026,1.5,1.0,9,0.15,0.1,4.0,0.075,80,0.1927,0.0312
543,0.099,0.0068,0.078,1.5,1.0,9,0.15,0.02,4.0,0.075,80,0.2009,0.0359
544,0.099,0.068,0.026,1.5,0.1,9,0.15,0.02,4.0,0.225,80,1.7639,0.1316
545,0.165,0.034,0.078,1.5,0.5,9,0.15,0.02,4.0,0.075,80,1.3599,0.0483
546,0.099,0.0204,0.078,1.5,0.5,9,0.15,0.1,4.0,0.075,80,1.3513,0.0619
547,0.165,0.068,0.026,1.5,0.3,9,0.15,0.02,4.0,0.075,80,1.7386,0.2222
548,0.033,0.068,0.078,1.5,0.1,9,0.15,0.1,4.0,0.075,80,2.0944,0.138
549,0.099,0.068,0.078,1.5,0.1,9,0.15,0.06,4.0,0.075,80,2.1183,0.1405
550,0.033,0.0204,0.026,1.5,0.5,9,0.15,0.2,4.0,0.075,80,1.3125,0.0855
551,0.033,0.0204,0.026,1.5,1.0,9,0.15,0.1,4.0,0.075,80,0.1598,0.0333
552,0.33,0.0204,0.078,1.5,0.3,9,0.15,0.02,4.0,0.075,80,1.8493,0.2143
553,0.099,0.068,0.026,1.5,0.3,9,0.15,0.02,4.0,0.225,80,1.8238,0.2103
554,0.033,0.068,0.026,1.5,0.5,9,0.15,0.02,4.0,0.225,80,1.2888,0.0359
555,0.165,0.0204,0.078,1.5,0.5,9,0.15,0.1,4.0,0.075,80,1.5699,0.1126
556,0.099,0.068,0.026,1.5,0.3,9,0.15,0.1,4.0,0.075,80,1.7917,0.2996
557,0.165,0.068,0.026,1.5,0.3,9,0.15,0.06,4.0,0.075,80,1.9293,0.1346
558,0.165,0.068,0.078,1.5,0.1,9,0.15,0.06,4.0,0.075,80,2.1504,0.1963
559,0.33,0.034,0.026,1.5,0.1,9,0.15,0.1,4.0,0.075,80,2.1088,0.2862
560,0.099,0.034,0.026,1.5,0.3,9,0.15,0.2,4.0,0.075,80,1.9438,0.019
561,0.033,0.034,0.078,1.5,0.3,9,0.15,0.2,4.0,0.075,80,2.1097,0.1088
562,0.165,0.0204,0.078,1.5,1.0,9,0.15,0.02,4.0,0.075,80,0.1515,0.0482
563,0.099,0.0068,0.078,1.5,0.5,9,0.15,0.2,4.0,0.075,80,1.2961,0.1565
564,0.165,0.0068,0.078,1.5,1.0,9,0.15,0.06,4.0,0.075,80,0.1522,0.0248
565,0.033,0.068,0.026,1.5,1.0,9,0.15,0.02,4.0,0.075,80,0.1298,0.0231
566,0.033,0.068,0.078,1.5,0.5,9,0.15,0.1,4.0,0.075,80,1.1405,0.2561
567,0.033,0.034,0.078,1.5,1.0,9,0.15,0.1,4.0,0.075,80,0.2021,0.0132
568,0.33,0.0204,0.026,1.5,0.1,9,0.15,0.2,4.0,0.075,80,1.6131,0.2395
569,0.33,0.034,0.026,1.5,0.5,9,0.15,0.1,4.0,0.075,80,0.9807,0.3367
570,0.165,0.068,0.13,1.5,0.5,9,0.15,0.02,4.0,0.075,80,1.463,0.0246
571,0.33,0.0204,0.026,1.5,0.3,9,0.15,0.2,4.0,0.075,80,1.9079,0.1812
572,0.33,0.034,0.026,1.5,1.0,9,0.15,0.06,4.0,0.075,80,0.0801,0.0163
573,0.33,0.034,0.078,1.5,0.1,9,0.15,0.2,4.0,0.075,80,1.91,0.3586
574,0.033,0.068,0.13,1.5,0.3,9,0.15,0.2,4.0,0.075,80,1.7093,0.2557
575,0.33,0.034,0.026,1.5,1.0,9,0.15,0.1,4.0,0.075,80,0.1344,0.0477
576,0.099,0.0068,0.026,1.5,0.3,9,0.45,0.02,4.0,0.075,80,2.0171,0.078
577,0.099,0.0068,0.078,1.5,0.1,9,0.45,0.02,4.0,0.075,80,2.6163,0.0106
578,0.165,0.0068,0.078,1.5,0.1,9,0.45,0.02,4.0,0.075,80,2.2771,0.0634
579,0.099,0.034,0.026,1.5,0.1,9,0.45,0.06,4.0,0.075,80,2.23,0.2116
580,0.033,0.0204,0.026,1.5,0.3,9,0.45,0.1,4.0,0.075,80,2.0554,0.0745
581,0.165,0.0068,0.026,1.5,0.3,9,0.45,0.06,4.0,0.075,80,1.7291,0.5503
582,0.033,0.0068,0.078,1.5,0.3,9,0.45,0.1,4.0,0.075,80,1.9348,0.1976
583,0.165,0.034,0.026,1.5,0.1,9,0.45,0.06,4.0,0.075,80,2.1258,0.3642
584,0.099,0.0068,0.026,1.5,0.5,9,0.45,0.1,4.0,0.075,80,1.3339,0.185
585,0.033,0.034,0.078,1.5,0.5,9,0.45,0.02,4.0,0.075,80,1.6533,0.0184
586,0.033,0.068,0.026,1.5,0.3,9,0.45,0.02,4.0,0.075,80,1.6738,0.1725
587,0.033,0.0204,0.026,1.5,0.1,9,0.45,0.2,4.0,0.075,80,2.0415,0.397
588,0.033,0.0204,0.026,1.5,1.0,9,0.45,0.02,4.0,0.075,80,0.1521,0.0313
589,0.033,0.068,0.078,1.5,0.1,9,0.45,0.06,4.0,0.075,80,1.9553,0.4199
590,0.33,0.0068,0.026,1.5,0.1,9,0.45,0.1,4.0,0.075,80,1.9458,0.038
591,0.033,0.034,0.026,1.5,1.0,9,0.45,0.02,4.0,0.075,80,0.1614,0.0067
592,0.165,0.034,0.026,1.5,0.5,9,0.45,0.06,4.0,0.075,80,1.3485,0.0541
593,0.033,0.068,0.026,1.5,0.5,9,0.45,0.06,4.0,0.075,80,1.4505,0.2092
594,0.165,0.068,0.026,1.5,0.1,9,0.45,0.1,4.0,0.075,80,2.0399,0.305
595,0.099,0.068,0.078,1.5,0.1,9,0.45,0.1,4.0,0.075,80,2.0448,0.2125
596,0.033,0.0068,0.026,1.5,0.1,9,0.75,0.02,4.0,0.075,80,2.2174,0.3097
597,0.033,0.0068,0.026,1.5,0.1,9,0.75,0.1,4.0,0.075,80,2.1738,0.3049
598,0.33,0.068,0.26,1.5,1.0,30,0.75,0.2,4.0,0.75,80,0.1045,0.0059
599,0.33,0.068,0.26,1.5,1.0,30,1.5,0.2,2.0,0.75,80,0.0405,0.0065
600,0.33,0.068,0.26,1.5,1.0,30,1.5,0.2,4.0,0.75,40,0.0321,0.005
601,0.33,0.068,0.26,1.5,1.0,15,1.5,0.2,4.0,0.75,80,0.0581,0.0099
602,0.33,0.068,0.26,1.5,1.0,30,1.5,0.1,4.0,0.75,80,0.0347,0.0074
603,0.33,0.068,0.13,1.5,1.0,30,1.5,0.2,4.0,0.75,80,0.0257,0.0091
604,0.165,0.068,0.26,1.5,1.0,30,1.5,0.2,4.0,0.75,80,0.0532,0.025
605,0.33,0.068,0.26,1.5,1.0,30,1.5,0.2,4.0,0.375,80,0.0467,0.011
606,0.33,0.034,0.26,1.5,1.0,30,1.5,0.2,4.0,0.75,80,0.0384,0.0074
607,0.33,0.068,0.26,1.5,0.5,30,1.5,0.2,4.0,0.75,80,0.2799,0.0243
608,0.33,0.068,0.26,0.75,1.0,30,1.5,0.2,4.0,0.75,80,0.0108,0.0098
609,0.165,0.068,0.026,1.5,0.1,9,1.5,0.06,4.0,0.075,80,3.3227,0.0324
610,0.099,0.034,0.026,1.5,0.1,9,1.5,0.1,4.0,0.075,80,3.2983,0.1235
611,0.033,0.034,0.13,1.5,0.1,9,1.5,0.06,4.0,0.075,80,2.9184,0.1227
612,0.033,0.034,0.026,1.5,0.1,9,1.5,0.1,4.0,0.225,80,2.8568,0.1091
613,0.165,0.0204,0.078,1.5,0.1,9,1.5,0.06,4.0,0.075,80,2.9744,0.0809
614,0.099,0.034,0.026,1.5,0.1,9,1.5,0.02,4.0,0.225,80,2.7906,0.1592
615,0.165,0.0204,0.026,1.5,0.1,9,1.5,0.02,4.0,0.225,80,2.7312,0.0842
616,0.165,0.0068,0.078,1.5,0.1,9,1.5,0.06,4.0,0.075,80,2.903,0.0069
617,0.033,0.034,0.026,1.5,0.1,9,1.5,0.06,4.0,0.075,80,2.9539,0.0571
618,0.033,0.0204,0.078,1.5,0.1,9,1.5,0.06,4.0,0.075,80,3.0081,0.0616
619,0.033,0.034,0.026,1.5,0.1,9,1.5,0.02,4.0,0.225,80,2.7133,0.0992
620,0.099,0.0068,0.026,1.5,0.1,9,1.5,0.1,4.0,0.075,80,2.9779,0.0772
621,0.099,0.0068,0.026,1.5,0.1,9,1.5,0.02,4.0,0.225,80,2.6547,0.1263
622,0.165,0.068,0.026,1.5,0.1,9,0.75,0.2,4.0,0.075,80,2.9389,0.0792
623,0.099,0.068,0.078,1.5,0.1,9,0.75,0.2,4.0,0.075,80,2.6324,0.4418
624,0.165,0.034,0.13,1.5,0.1,9,0.75,0.1,4.0,0.225,80,2.6438,0.1414
625,0.099,0.0204,0.13,1.5,0.1,9,0.75,0.2,4.0,0.075,80,2.7889,0.1168
626,0.165,0.034,0.26,1.5,0.1,9,0.75,0.02,4.0,0.075,80,2.7291,0.0562
627,0.033,0.034,0.078,1.5,0.1,9,0.75,0.2,4.0,0.225,80,2.6159,0.1099
628,0.33,0.0204,0.13,1.5,0.1,9,0.75,0.06,4.0,0.075,80,2.7747,0.1023
629,0.033,0.034,0.026,1.5,0.1,9,0.75,0.2,4.0,0.375,80,2.4424,0.205
630,0.33,0.0204,0.078,1.5,0.1,9,0.75,0.1,4.0,0.075,80,2.7385,0.1413
631,0.165,0.068,0.078,1.5,0.1,9,0.75,0.02,4.0,0.075,80,2.5241,0.1132
632,0.165,0.0204,0.13,1.5,0.1,9,0.75,0.1,4.0,0.075,80,2.6028,0.1833
633,0.099,0.034,0.078,1.5,0.1,9,0.75,0.1,4.0,0.225,80,2.6495,0.176
634,0.099,0.0068,0.078,1.5,0.1,9,0.75,0.2,4.0,0.075,80,2.8325,0.1429
635,0.099,0.0204,0.26,1.5,0.1,9,0.75,0.02,4.0,0.075,80,2.5958,0.1395
636,0.033,0.0068,0.026,1.5,0.1,9,0.75,0.2,4.0,0.375,80,2.7174,0.1613
637,0.099,0.0204,0.13,1.5,0.1,9,0.75,0.1,4.0,0.075,80,2.3076,0.3253
638,0.099,0.0204,0.13,1.5,0.1,9,0.75,0.02,4.0,0.375,80,2.2501,0.0901
639,0.099,0.0068,0.026,1.5,0.1,9,0.75,0.2,4.0,0.075,80,2.8502,0.1283
640,0.033,0.0068,0.078,1.5,0.1,9,0.75,0.2,4.0,0.075,80,2.6437,0.0592
641,0.165,0.034,0.078,1.5,0.1,9,0.75,0.02,4.0,0.075,80,2.7052,0.0688
642,0.165,0.0068,0.13,1.5,0.1,9,0.75,0.06,4.0,0.075,80,2.6015,0.1082
643,0.165,0.0204,0.078,1.5,0.1,9,0.75,0.02,4.0,0.225,80,2.6642,0.0685
644,0.033,0.0204,0.13,1.5,0.1,9,0.75,0.02,4.0,0.375,80,2.5358,0.0557
645,0.165,0.0204,0.026,1.5,0.1,9,0.75,0.06,4.0,0.075,80,2.6758,0.0606
646,0.165,0.0204,0.026,1.5,0.1,9,0.75,0.02,4.0,0.225,80,2.5753,0.0556
647,0.165,0.0204,0.026,1.5,0.1,9,0.75,0.02,4.0,0.075,80,2.7339,0.0578
648,0.033,0.0204,0.078,1.5,0.1,9,0.75,0.06,4.0,0.075,80,2.6745,0.1258
649,0.099,0.0068,0.026,1.5,0.1,9,0.75,0.1,4.0,0.075,80,2.6946,0.0375
650,0.099,0.0068,0.078,1.5,0.1,9,0.75,0.02,4.0,0.225,80,2.4951,0.1289
651,0.033,0.0204,0.026,1.5,0.1,9,0.75,0.02,4.0,0.375,80,2.3635,0.1263
652,0.033,0.034,0.026,1.5,0.1,9,0.75,0.02,4.0,0.075,80,2.4748,0.1203
653,0.033,0.0068,0.078,1.5,0.1,9,0.75,0.02,4.0,0.225,80,2.1629,0.0796
654,0.033,0.068,0.078,1.5,0.1,9,0.45,0.2,4.0,0.075,80,2.1476,0.104
655,0.33,0.034,0.13,1.5,0.1,9,0.45,0.06,4.0,0.075,80,2.2637,0.0431
656,0.165,0.068,0.13,1.5,0.1,9,0.45,0.06,4.0,0.075,80,2.2884,0.1682
657,0.099,0.034,0.13,1.5,0.1,9,0.45,0.2,4.0,0.075,80,2.0632,0.1549
658,0.165,0.034,0.026,1.5,0.1,9,0.45,0.2,4.0,0.225,80,2.1672,0.2217
659,0.165,0.068,0.078,1.5,0.1,9,0.45,0.06,4.0,0.225,80,2.0706,0.2308
660,0.099,0.068,0.078,1.5,0.1,9,0.45,0.1,4.0,0.225,80,2.0906,0.254
661,0.165,0.0204,0.26,1.5,0.1,9,0.45,0.1,4.0,0.075,80,1.919,0.2192
662,0.099,0.068,0.13,1.5,0.1,9,0.45,0.06,4.0,0.075,80,1.8901,0.2821
663,0.033,0.034,0.078,1.5,0.1,9,0.45,0.2,4.0,0.225,80,1.7311,0.2486
664,0.165,0.0068,0.13,1.5,0.1,9,0.45,0.2,4.0,0.075,80,2.0972,0.2891
665,0.165,0.0204,0.26,1.5,0.1,9,0.45,0.02,4.0,0.225,80,1.893,0.2259
666,0.165,0.034,0.13,1.5,0.1,9,0.45,0.02,4.0,0.375,80,2.0088,0.0568
667,0.165,0.0204,0.026,1.5,0.1,9,0.45,0.2,4.0,0.075,80,1.9425,0.2849
668,0.33,0.0204,0.13,1.5,0.1,9,0.45,0.02,4.0,0.075,80,1.7574,0.2501
669,0.165,0.068,0.026,1.5,0.1,9,0.45,0.02,4.0,0.075,80,1.6594,0.0622
670,0.033,0.068,0.078,1.5,0.1,9,0.45,0.06,4.0,0.075,80,1.6641,0.3532
671,0.033,0.068,0.026,1.5,0.1,9,0.45,0.06,4.0,0.225,80,1.6787,0.3136
672,0.165,0.034,0.13,1.5,0.1,9,0.45,0.02,4.0,0.075,80,2.0805,0.1615
673,0.165,0.0204,0.078,1.5,0.1,9,0.45,0.1,4.0,0.075,80,2.1104,0.1082
674,0.099,0.0204,0.13,1.5,0.1,9,0.45,0.1,4.0,0.075,80,2.0781,0.0888
675,0.165,0.034,0.078,1.5,0.1,9,0.45,0.02,4.0,0.225,80,2.049,0.097
676,0.033,0.034,0.026,1.5,0.1,9,0.45,0.1,4.0,0.375,80,1.9266,0.0932
677,0.33,0.0068,0.078,1.5,0.1,9,0.45,0.02,4.0,0.075,80,2.1028,0.0223
678,0.33,0.0068,0.026,1.5,0.1,9,0.45,0.06,4.0,0.075,80,2.1504,0.1055
679,0.165,0.0204,0.13,1.5,0.1,9,0.45,0.02,4.0,0.075,80,2.0144,0.1396
680,0.165,0.0068,0.026,1.5,0.1,9,0.45,0.1,4.0,0.225,80,2.0889,0.0919
681,0.033,0.034,0.026,1.5,0.1,9,0.45,0.1,4.0,0.075,80,2.0123,0.076
682,0.099,0.0068,0.078,1.5,0.1,9,0.45,0.1,4.0,0.075,80,2.0371,0.0176
683,0.033,0.034,0.13,1.5,0.1,9,0.45,0.02,4.0,0.075,80,1.9061,0.0255
684,0.033,0.0204,0.026,1.5,0.1,9,0.45,0.1,4.0,0.075,80,2.1444,0.0527
685,0.033,0.0068,0.13,1.5,0.1,9,0.45,0.06,4.0,0.075,80,1.9619,0.0742
686,0.033,0.0204,0.026,1.5,0.1,9,0.45,0.06,4.0,0.225,80,1.9432,0.0821
687,0.033,0.0204,0.078,1.5,0.1,9,0.45,0.02,4.0,0.225,80,1.9685,0.0139
688,0.033,0.0068,0.026,1.5,0.1,9,0.45,0.06,4.0,0.225,80,1.9936,0.0587
689,0.099,0.0068,0.026,1.5,0.1,9,0.45,0.02,4.0,0.075,80,2.224,0.1291
690,0.33,0.034,0.13,1.5,0.1,9,0.15,0.1,4.0,0.075,80,1.5759,0.0494
691,0.099,0.034,0.13,1.5,0.1,9,0.15,0.2,4.0,0.075,80,1.5064,0.0267
692,0.33,0.034,0.13,1.5,0.1,9,0.15,0.02,4.0,0.075,80,1.6647,0.127
693,0.165,0.068,0.078,1.5,0.1,9,0.15,0.06,4.0,0.075,80,1.5581,0.0249
694,0.165,0.034,0.13,1.5,0.1,9,0.15,0.1,4.0,0.075,80,1.5203,0.013
695,0.33,0.0204,0.13,1.5,0.1,9,0.15,0.02,4.0,0.075,80,1.541,0.0793
696,0.33,0.0204,0.026,1.5,0.1,9,0.15,0.1,4.0,0.075,80,1.5128,0.05
697,0.099,0.034,0.13,1.5,0.1,9,0.15,0.06,4.0,0.225,80,1.5523,0.11
698,0.165,0.0204,0.13,1.5,0.1,9,0.15,0.06,4.0,0.225,80,1.5398,0.0745
699,0.33,0.0204,0.026,1.5,0.1,9,0.15,0.06,4.0,0.075,80,1.6131,0.0438
700,0.165,0.034,0.026,1.5,0.1,9,0.15,0.1,4.0,0.075,80,1.6557,0.0226
701,0.165,0.0204,0.078,1.5,0.1,9,0.15,0.1,4.0,0.075,80,1.6264,0.0514
702,0.165,0.034,0.026,1.5,0.1,9,0.15,0.06,4.0,0.225,80,1.6493,0.0566
703,0.33,0.0068,0.026,1.5,0.1,9,0.15,0.06,4.0,0.075,80,1.6618,0.0812
704,0.099,0.0204,0.078,1.5,0.1,9,0.15,0.1,4.0,0.075,80,1.5479,0.0386
705,0.033,0.034,0.13,1.5,0.1,9,0.15,0.06,4.0,0.075,80,1.4678,0.0474
706,0.099,0.0204,0.026,1.5,0.1,9,0.15,0.1,4.0,0.075,80,1.6817,0.0595
707,0.099,0.034,0.026,1.5,0.1,9,0.15,0.06,4.0,0.075,80,1.6249,0.0573
708,0.033,0.034,0.078,1.5,0.1,9,0.15,0.02,4.0,0.075,80,1.4433,0.0261
709,0.033,0.0068,0.026,1.5,0.1,9,0.15,0.06,4.0,0.075,80,1.5382,0.0778
710,0.033,0.0068,0.078,1.5,0.1,9,0.15,0.02,4.0,0.075,80,1.4627,0.0538
711,0.033,0.0068,0.026,1.5,0.1,9,0.15,0.02,2.0,0.075,80,1.0398,0.0136
712,0.033,0.0068,0.078,1.5,0.3,9,0.15,0.06,4.0,0.225,80,1.6724,0.0057
713,0.033,0.0068,0.26,1.5,0.1,9,0.15,0.02,4.0,0.075,80,1.3691,0.0373
714,0.099,0.0204,0.078,1.5,0.3,9,0.15,0.02,4.0,0.225,80,1.7204,0.0281
715,0.033,0.0068,0.13,1.5,0.1,9,0.15,0.1,4.0,0.225,80,1.4517,0.0183
716,0.033,0.0204,0.026,1.5,0.5,9,0.15,0.1,4.0,0.225,80,1.4396,0.0242
717,0.033,0.034,0.078,1.5,0.3,9,0.15,0.06,4.0,0.225,80,1.6744,0.0785
718,0.033,0.068,0.078,1.5,0.1,9,0.15,0.02,4.0,0.225,80,1.3195,0.1469
719,0.33,0.0068,0.026,1.5,0.1,9,0.15,0.06,4.0,0.225,80,1.4571,0.0549
720,0.033,0.034,0.078,1.5,0.5,9,0.15,0.06,4.0,0.225,80,1.2738,0.022
721,0.33,0.0068,0.13,1.5,0.1,9,0.15,0.06,4.0,0.075,80,1.4325,0.1441
722,0.033,0.0068,0.13,1.5,1.0,9,0.15,0.06,4.0,0.075,80,0.2034,0.0513
723,0.033,0.0204,0.026,1.5,0.3,9,0.15,0.2,4.0,0.225,80,1.6212,0.1404
724,0.33,0.0204,0.026,1.5,0.3,9,0.15,0.02,4.0,0.225,80,1.6816,0.0431
725,0.033,0.068,0.026,1.5,0.5,9,0.15,0.06,4.0,0.225,80,1.366,0.0987
726,0.165,0.0068,0.13,1.5,0.1,9,0.15,0.2,4.0,0.075,80,1.4243,0.0731
727,0.33,0.0068,0.13,1.5,0.3,9,0.15,0.06,4.0,0.075,80,1.7221,0.0925
728,0.033,0.068,0.078,1.5,0.3,9,0.15,0.06,4.0,0.225,80,1.7162,0.0672
729,0.099,0.0204,0.026,1.5,1.0,9,0.15,0.06,4.0,0.225,80,0.1328,0.0136
730,0.099,0.0204,0.078,1.5,1.0,9,0.15,0.1,4.0,0.075,80,0.1818,0.0095
731,0.099,0.068,0.026,1.5,0.3,9,0.15,0.1,4.0,0.225,80,1.7348,0.0425
732,0.33,0.0204,0.13,1.5,0.1,9,0.15,0.1,4.0,0.075,80,1.5086,0.0749
733,0.33,0.034,0.13,1.5,0.3,9,0.15,0.02,4.0,0.075,80,1.6369,0.0576
734,0.033,0.068,0.026,1.5,0.5,9,0.15,0.1,4.0,0.225,80,1.401,0.0714
735,0.099,0.068,0.026,1.5,0.5,9,0.15,0.06,4.0,0.225,80,1.4155,0.038
736,0.165,0.068,0.026,1.5,0.5,9,0.15,0.02,4.0,0.225,80,1.4025,0.0304
737,0.033,0.0204,0.13,1.5,1.0,9,0.15,0.1,4.0,0.075,80,0.2244,0.0403
738,0.33,0.0068,0.13,1.5,0.3,9,0.15,0.1,4.0,0.075,80,1.6845,0.1245
739,0.099,0.034,0.026,1.5,0.3,9,0.15,0.2,4.0,0.225,80,1.6957,0.0943
740,0.099,0.068,0.078,1.5,0.3,9,0.15,0.06,4.0,0.225,80,1.6318,0.0845
741,0.165,0.0204,0.026,1.5,0.3,9,0.15,0.2,4.0,0.225,80,1.6801,0.0411
742,0.033,0.068,0.13,1.5,0.1,9,0.15,0.1,4.0,0.225,80,1.3212,0.0199
743,0.033,0.0068,0.078,1.5,1.0,9,0.15,0.2,4.0,0.075,80,0.2316,0.0375
744,0.033,0.068,0.26,1.5,0.1,9,0.15,0.06,4.0,0.075,80,1.3073,0.0668
745,0.099,0.0204,0.13,1.5,0.5,9,0.15,0.2,4.0,0.075,80,1.4261,0.0678
746,0.099,0.0204,0.13,1.5,1.0,9,0.15,0.1,4.0,0.075,80,0.2683,0.0651
747,0.165,0.068,0.026,1.5,0.5,9,0.15,0.1,4.0,0.225,80,1.453,0.0055
748,0.33,0.0204,0.078,1.5,0.3,9,0.15,0.2,4.0,0.075,80,1.5429,0.0085
749,0.165,0.0068,0.078,1.5,1.0,9,0.15,0.2,4.0,0.075,80,0.1815,0.0288
750,0.099,0.068,0.026,1.5,1.0,9,0.15,0.06,4.0,0.225,80,0.107,0.0188
751,0.33,0.068,0.078,1.5,0.5,9,0.15,0.06,4.0,0.075,80,1.5416,0.0689
752,0.165,0.068,0.13,1.5,0.1,9,0.15,0.2,4.0,0.075,80,1.4936,0.0416
753,0.033,0.068,0.13,1.5,1.0,9,0.15,0.1,4.0,0.075,80,0.3051,0.067
754,0.165,0.0204,0.078,1.5,1.0,9,0.15,0.2,4.0,0.075,80,0.242,0.0619
755,0.165,0.068,0.13,1.5,1.0,9,0.15,0.1,4.0,0.075,80,0.2494,0.074
756,0.33,0.034,0.026,1.5,1.0,9,0.15,0.2,4.0,0.075,80,0.1997,0.0495
757,0.33,0.0204,0.078,1.5,1.0,9,0.15,0.2,4.0,0.075,80,0.2546,0.0374
758,0.165,0.068,0.078,1.5,1.0,9,0.15,0.2,4.0,0.075,80,0.2989,0.0178
759,0.033,0.0204,0.026,1.5,0.1,9,0.45,0.02,4.0,0.225,80,1.784,0.0049
760,0.033,0.0068,0.026,1.5,0.3,9,0.45,0.02,4.0,0.225,80,1.9535,0.0245
761,0.033,0.034,0.078,1.5,0.1,9,0.45,0.02,4.0,0.225,80,1.8142,0.0941
762,0.099,0.0068,0.026,1.5,0.3,9,0.45,0.06,4.0,0.225,80,2.0439,0.0611
763,0.033,0.034,0.13,1.5,0.1,9,0.45,0.06,4.0,0.075,80,1.782,0.0448
764,0.099,0.0068,0.13,1.5,0.1,9,0.45,0.1,4.0,0.075,80,1.8728,0.0447
765,0.165,0.0068,0.13,1.5,0.3,9,0.45,0.02,4.0,0.075,80,1.9177,0.0666
766,0.033,0.034,0.026,1.5,0.3,9,0.45,0.06,4.0,0.225,80,1.9658,0.0304
767,0.165,0.0204,0.078,1.5,0.3,9,0.45,0.06,4.0,0.075,80,2.0227,0.1045
768,0.033,0.0204,0.078,1.5,0.5,9,0.45,0.1,4.0,0.075,80,1.7019,0.0357
769,0.033,0.0068,0.026,1.5,1.0,9,0.45,0.1,4.0,0.075,80,0.1707,0.0291
770,0.033,0.0068,0.078,1.5,1.0,9,0.45,0.06,4.0,0.075,80,0.2547,0.046
771,0.033,0.034,0.078,1.5,0.5,9,0.45,0.1,4.0,0.075,80,1.741,0.019
772,0.033,0.034,0.13,1.5,0.5,9,0.45,0.06,4.0,0.075,80,1.7868,0.0654
773,0.165,0.0204,0.13,1.5,0.3,9,0.45,0.06,4.0,0.075,80,2.1257,0.112
774,0.099,0.0204,0.078,1.5,0.1,9,0.45,0.2,4.0,0.075,80,2.1255,0.1903
775,0.033,0.0204,0.078,1.5,0.3,9,0.45,0.2,4.0,0.075,80,2.1818,0.1187
776,0.33,0.0068,0.026,1.5,0.5,9,0.45,0.06,4.0,0.075,80,1.7376,0.0827
777,0.165,0.0068,0.026,1.5,1.0,9,0.45,0.06,4.0,0.075,80,0.1723,0.0358
778,0.165,0.068,0.026,1.5,0.1,9,0.45,0.02,4.0,0.225,80,2.1308,0.2101
779,0.099,0.0204,0.078,1.5,1.0,9,0.45,0.02,4.0,0.075,80,0.2877,0.0267
780,0.33,0.0068,0.13,1.5,0.1,9,0.45,0.06,4.0,0.075,80,2.1271,0.1347
781,0.033,0.068,0.13,1.5,0.3,9,0.45,0.06,4.0,0.075,80,2.0471,0.0459
782,0.099,0.068,0.13,1.5,0.3,9,0.45,0.02,4.0,0.075,80,2.1244,0.0234
783,0.033,0.034,0.078,1.5,1.0,9,0.45,0.06,4.0,0.075,80,0.2933,0.0642
784,0.033,0.0204,0.13,1.5,0.3,9,0.45,0.2,4.0,0.075,80,2.0054,0.0225
785,0.033,0.0068,0.026,1.5,1.0,9,0.45,0.2,4.0,0.075,80,0.1471,0.0018
786,0.099,0.034,0.026,1.5,0.5,9,0.45,0.2,4.0,0.075,80,1.7774,0.074
787,0.33,0.034,0.078,1.5,0.3,9,0.45,0.06,4.0,0.075,80,2.1546,0.166
788,0.099,0.0204,0.078,1.5,0.5,9,0.45,0.2,4.0,0.075,80,1.8186,0.0868
789,0.033,0.034,0.078,1.5,1.0,9,0.45,0.1,4.0,0.075,80,0.333,0.0469
790,0.165,0.034,0.026,1.5,1.0,9,0.45,0.1,4.0,0.075,80,0.1928,0.0197
791,0.099,0.068,0.026,1.5,0.5,9,0.45,0.2,4.0,0.075,80,1.6669,0.0481
792,0.33,0.068,0.078,1.5,0.3,9,0.45,0.06,4.0,0.075,80,2.104,0.0971
793,0.33,0.068,0.026,1.5,0.1,9,0.45,0.2,4.0,0.075,80,2.0175,0.0491
794,0.033,0.068,0.026,1.5,1.0,9,0.45,0.2,4.0,0.075,80,0.2745,0.0128
795,0.033,0.0068,0.026,1.5,0.5,9,0.75,0.02,4.0,0.075,80,1.459,0.0455
796,0.165,0.0068,0.026,1.5,0.3,9,0.75,0.02,4.0,0.075,80,2.2497,0.0517
797,0.099,0.0204,0.078,1.5,0.1,9,0.75,0.02,4.0,0.075,80,2.3741,0.0307
798,0.033,0.0068,0.026,1.5,0.5,9,0.75,0.06,4.0,0.075,80,1.6824,0.0326
799,0.165,0.034,0.026,1.5,0.1,9,0.75,0.02,4.0,0.075,80,2.3389,0.0504
800,0.099,0.0068,0.078,1.5,0.1,9,0.75,0.1,4.0,0.075,80,2.313,0.0542
801,0.099,0.0204,0.026,1.5,0.3,9,0.75,0.1,4.0,0.075,80,2.2537,0.0465
802,0.165,0.0068,0.026,1.5,0.3,9,0.75,0.1,4.0,0.075,80,2.199,0.027
803,0.099,0.034,0.026,1.5,0.3,9,0.75,0.1,4.0,0.075,80,2.0771,0.1773
804,0.165,0.0204,0.078,1.5,0.1,9,0.75,0.1,4.0,0.075,80,1.9267,0.347
805,0.033,0.034,0.026,1.5,0.1,9,0.75,0.2,4.0,0.075,80,2.3158,0.0597
806,0.33,0.0068,0.026,1.5,0.1,9,0.75,0.1,4.0,0.075,80,2.3832,0.0202
807,0.165,0.068,0.026,1.5,0.1,9,0.75,0.06,4.0,0.075,80,2.2781,0.1114
808,0.099,0.068,0.078,1.5,0.3,9,0.75,0.02,4.0,0.075,80,2.1636,0.0423
809,0.165,0.068,0.078,1.5,0.1,9,0.75,0.06,4.0,0.075,80,2.1594,0.0519
810,0.165,0.068,0.026,1.5,0.3,9,0.75,0.1,4.0,0.075,80,2.195,0.0547
811,0.165,0.068,0.078,1.5,0.1,9,0.75,0.1,4.0,0.075,80,2.1443,0.0741
812,0.099,0.068,0.026,1.5,0.3,9,0.75,0.2,4.0,0.075,80,2.3068,0.0462
813,0.165,0.0068,0.026,1.5,0.1,9,1.5,0.02,4.0,0.075,80,2.4398,0.1784
814,0.099,0.0204,0.026,1.5,0.1,9,1.5,0.02,4.0,0.075,80,2.2955,0.3751
815,0.099,0.0068,0.078,1.5,0.1,9,1.5,0.02,4.0,0.075,80,2.3221,0.1179
816,0.033,0.034,0.026,1.5,0.1,9,1.5,0.02,4.0,0.075,80,2.4297,0.1016
817,0.033,0.0204,0.026,1.5,0.1,9,1.5,0.02,4.0,0.225,80,2.3002,0.1086
818,0.099,0.0204,0.026,1.5,0.1,9,1.5,0.06,4.0,0.075,80,2.3313,0.0895
819,0.099,0.0068,0.13,1.5,0.1,9,1.5,0.02,4.0,0.075,80,2.271,0.0866
820,0.033,0.0068,0.13,1.5,0.1,9,1.5,0.06,4.0,0.075,80,2.2995,0.0746
821,0.033,0.0068,0.026,1.5,0.1,9,1.5,0.06,4.0,0.375,80,2.1761,0.053
822,0.033,0.0068,0.13,1.5,0.1,9,1.5,0.02,4.0,0.225,80,2.2265,0.0753
823,0.099,0.0068,0.026,1.5,0.1,9,1.5,0.1,4.0,0.225,80,2.4729,0.1308
824,0.099,0.0204,0.078,1.5,0.1,9,1.5,0.06,4.0,0.075,80,2.4122,0.1813
825,0.165,0.0068,0.026,1.5,0.1,9,1.5,0.06,4.0,0.225,80,2.3263,0.1193
826,0.099,0.0068,0.13,1.5,0.1,9,1.5,0.02,4.0,0.225,80,2.2741,0.0601
827,0.099,0.0068,0.078,1.5,0.1,9,1.5,0.02,4.0,0.375,80,2.1917,0.1035
828,0.099,0.0204,0.026,1.5,0.1,9,1.5,0.1,4.0,0.225,80,2.3103,0.13
829,0.165,0.034,0.078,1.5,0.1,9,1.5,0.02,4.0,0.075,80,2.4464,0.1296
830,0.099,0.0068,0.026,1.5,0.1,9,1.5,0.1,4.0,0.375,80,2.196,0.094
831,0.099,0.0204,0.078,1.5,0.1,9,1.5,0.02,4.0,0.375,80,2.128,0.0721
832,0.165,0.0068,0.078,1.5,0.1,9,1.5,0.02,4.0,0.375,80,2.0461,0.0487
833,0.165,0.0068,0.026,1.5,0.3,9,1.5,0.1,4.0,0.075,80,1.9711,0.0225
834,0.099,0.0068,0.13,1.5,0.1,9,1.5,0.02,4.0,0.375,80,2.1163,0.0676
835,0.033,0.034,0.026,1.5,0.3,9,1.5,0.1,4.0,0.075,80,1.9205,0.1032
836,0.33,0.0068,0.078,1.5,0.1,9,1.5,0.02,4.0,0.075,80,2.5425,0.0534
837,0.033,0.0068,0.026,1.5,0.3,9,1.5,0.2,4.0,0.075,80,2.0894,0.1209
838,0.165,0.034,0.026,1.5,0.1,9,1.5,0.1,4.0,0.075,80,2.5243,0.0132
839,0.165,0.0204,0.078,1.5,0.1,9,1.5,0.1,4.0,0.075,80,2.4956,0.0918
840,0.165,0.0204,0.026,1.5,0.1,9,1.5,0.1,4.0,0.225,80,2.3081,0.1017
841,0.165,0.034,0.13,1.5,0.1,9,1.5,0.02,4.0,0.075,80,2.4349,0.1198
842,0.099,0.034,0.078,1.5,0.1,9,1.5,0.06,4.0,0.225,80,2.41,0.2206
843,0.099,0.0204,0.13,1.5,0.1,9,1.5,0.06,4.0,0.225,80,2.4811,0.1192
844,0.099,0.0204,0.078,1.5,0.3,9,1.5,0.1,4.0,0.075,80,2.1985,0.1377
845,0.099,0.0204,0.13,1.5,0.1,9,1.5,0.02,4.0,0.375,80,2.2113,0.0505
846,0.033,0.034,0.026,1.5,0.1,9,1.5,0.2,4.0,0.075,80,2.6844,0.1346
847,0.33,0.0068,0.026,1.5,0.1,9,1.5,0.1,4.0,0.075,80,2.6628,0.1052
848,0.033,0.068,0.026,1.5,0.1,9,1.5,0.1,4.0,0.075,80,2.5993,0.0975
849,0.033,0.0068,0.26,1.5,0.1,9,1.5,0.1,4.0,0.075,80,2.5231,0.0743
850,0.165,0.0204,0.078,1.5,0.1,9,1.5,0.1,4.0,0.225,80,2.5072,0.148
851,0.165,0.034,0.026,1.5,0.1,9,1.5,0.06,4.0,0.375,80,2.589,0.0534
852,0.099,0.034,0.078,1.5,0.1,9,1.5,0.06,4.0,0.375,80,2.4599,0.0219
853,0.033,0.0204,0.13,1.5,0.1,9,1.5,0.1,4.0,0.375,80,2.5348,0.1078
854,0.165,0.0068,0.13,1.5,0.3,9,1.5,0.1,4.0,0.075,80,2.1862,0.305
855,0.099,0.0204,0.13,1.5,0.3,9,1.5,0.1,4.0,0.075,80,2.337,0.0925
856,0.165,0.034,0.026,1.5,0.3,9,1.5,0.06,4.0,0.225,80,1.9396,0.1442
857,0.099,0.034,0.026,1.5,0.1,9,1.5,0.2,4.0,0.075,80,2.9309,0.0401
858,0.099,0.0204,0.078,1.5,0.1,9,1.5,0.2,4.0,0.075,80,2.7213,0.1079
859,0.165,0.068,0.078,1.5,0.1,9,1.5,0.02,4.0,0.075,80,2.7073,0.037
860,0.033,0.0068,0.078,1.5,0.1,9,1.5,0.2,4.0,0.375,80,2.4178,0.0588
861,0.33,0.034,0.026,1.5,0.1,9,1.5,0.02,4.0,0.225,80,2.5078,0.1678
862,0.33,0.0204,0.078,1.5,0.1,9,1.5,0.02,4.0,0.225,80,2.6547,0.0718
863,0.099,0.0068,0.078,1.5,0.3,9,1.5,0.2,4.0,0.075,80,2.4222,0.2419
864,0.033,0.0204,0.26,1.5,0.1,9,1.5,0.1,4.0,0.075,80,2.4718,0.1196
865,0.033,0.068,0.13,1.5,0.1,9,1.5,0.06,4.0,0.075,80,2.7388,0.1263
866,0.165,0.0068,0.26,1.5,0.1,9,1.5,0.02,4.0,0.225,80,2.4087,0.1411
867,0.033,0.034,0.26,1.5,0.1,9,1.5,0.06,4.0,0.075,80,2.5096,0.1332
868,0.099,0.034,0.078,1.5,0.1,9,1.5,0.1,4.0,0.375,80,2.4363,0.1397
869,0.165,0.0204,0.078,1.5,0.1,9,1.5,0.2,4.0,0.075,80,2.8614,0.0296
870,0.165,0.0204,0.026,1.5,0.1,9,1.5,0.2,4.0,0.225,80,2.6728,0.1187
871,0.165,0.0068,0.078,1.5,0.1,9,1.5,0.2,4.0,0.225,80,2.6481,0.1017
872,0.33,0.034,0.078,1.5,0.1,9,1.5,0.06,4.0,0.075,80,2.6628,0.0392
873,0.33,0.0204,0.078,1.5,0.1,9,1.5,0.1,4.0,0.075,80,2.7312,0.0608
874,0.165,0.068,0.078,1.5,0.1,9,1.5,0.06,4.0,0.075,80,2.5664,0.1846
875,0.099,0.0204,0.026,1.5,0.1,9,1.5,0.2,4.0,0.375,80,2.2815,0.0964
876,0.33,0.0204,0.13,1.5,0.1,9,1.5,0.06,4.0,0.075,80,2.4976,0.0523
877,0.033,0.034,0.026,1.5,0.1,9,1.5,0.2,4.0,0.375,80,2.4545,0.0226
878,0.33,0.0068,0.13,1.5,0.1,9,1.5,0.1,4.0,0.075,80,2.525,0.0346
879,0.33,0.034,0.13,1.5,0.1,9,1.5,0.02,4.0,0.075,80,2.4854,0.159
880,0.165,0.0068,0.026,1.5,0.1,9,1.5,0.2,4.0,0.375,80,2.313,0.3127
881,0.165,0.068,0.13,1.5,0.1,9,1.5,0.02,4.0,0.075,80,2.477,0.1522
882,0.33,0.034,0.078,1.5,0.1,9,1.5,0.02,4.0,0.225,80,2.2414,0.1253
883,0.099,0.068,0.078,1.5,0.1,9,1.5,0.06,4.0,0.225,80,2.4938,0.0461
884,0.099,0.0204,0.078,1.5,0.3,9,1.5,0.2,4.0,0.075,80,2.276,0.0468
885,0.165,0.068,0.026,1.5,0.1,9,1.5,0.02,4.0,0.375,80,2.418,0.0806
886,0.33,0.034,0.026,1.5,0.1,9,1.5,0.02,4.0,0.375,80,2.4593,0.2131
887,0.099,0.068,0.026,1.5,0.1,9,1.5,0.06,4.0,0.375,80,2.2167,0.1845
888,0.033,0.068,0.026,1.5,0.1,9,1.5,0.2,4.0,0.075,80,2.6669,0.0376
889,0.33,0.0068,0.026,1.5,0.1,9,1.5,0.2,4.0,0.075,80,2.8709,0.0353
890,0.165,0.034,0.078,1.5,0.1,9,1.5,0.1,4.0,0.375,80,2.3906,0.1481
891,0.165,0.034,0.13,1.5,0.3,9,1.5,0.1,4.0,0.075,80,2.1308,0.1327
892,0.33,0.034,0.13,1.5,0.1,9,1.5,0.06,4.0,0.075,80,2.4763,0.1862
893,0.165,0.068,0.13,1.5,0.1,9,1.5,0.06,4.0,0.075,80,2.4349,0.0707
894,0.099,0.0204,0.078,1.5,0.1,9,1.5,0.2,4.0,0.375,80,2.2755,0.111
895,0.099,0.068,0.078,1.5,0.1,9,1.5,0.1,4.0,0.225,80,2.4921,0.137
896,0.33,0.0204,0.13,1.5,0.1,9,1.5,0.06,4.0,0.225,80,2.2652,0.2318
897,0.165,0.068,0.078,1.5,0.3,9,1.5,0.06,4.0,0.075,80,1.9594,0.1687
898,0.099,0.068,0.026,1.5,0.1,9,1.5,0.1,4.0,0.375,80,2.2188,0.1807
899,0.099,0.068,0.026,1.5,0.1,9,1.5,0.2,4.0,0.075,80,2.5376,0.2463
900,0.33,0.068,0.078,1.5,0.1,9,1.5,0.02,4.0,0.075,80,2.4614,0.1685
901,0.33,0.0068,0.078,1.5,0.1,9,1.5,0.2,4.0,0.075,80,2.5193,0.2027
902,0.33,0.0204,0.26,1.5,0.1,9,1.5,0.02,4.0,0.075,80,2.3624,0.1219
903,0.33,0.0068,0.026,1.5,0.1,9,1.5,0.2,4.0,0.225,80,2.6835,0.2026
904,0.165,0.034,0.026,1.5,0.1,9,1.5,0.2,4.0,0.375,80,2.293,0.157
905,0.099,0.034,0.078,1.5,0.1,9,1.5,0.2,4.0,0.375,80,2.2616,0.1928
906,0.165,0.068,0.026,1.5,0.1,9,1.5,0.1,4.0,0.375,80,2.3809,0.0938
907,0.33,0.068,0.078,1.5,0.1,9,1.5,0.06,4.0,0.075,80,2.4572,0.2651
908,0.33,0.0204,0.078,1.5,0.1,9,1.5,0.2,4.0,0.075,80,2.6027,0.0531
909,0.33,0.068,0.026,1.5,0.1,9,1.5,0.06,4.0,0.225,80,2.2969,0.1084
910,0.033,0.068,0.078,1.5,0.1,9,1.5,0.2,4.0,0.225,80,2.1392,0.1987
911,0.33,0.034,0.13,1.5,0.1,9,1.5,0.1,4.0,0.225,80,2.4856,0.1093
912,0.33,0.068,0.13,1.5,0.1,9,1.5,0.06,4.0,0.075,80,2.5275,0.0938
913,0.099,0.068,0.078,1.5,0.1,9,1.5,0.2,4.0,0.225,80,2.5409,0.119
914,0.33,0.068,0.13,1.5,0.1,9,1.5,0.1,4.0,0.075,80,2.4909,0.1034
915,0.165,0.0068,0.026,1.5,0.1,9,0.75,0.02,4.0,0.075,80,2.2258,0.242
916,0.099,0.0204,0.026,1.5,0.1,9,0.75,0.06,4.0,0.075,80,2.3039,0.1469
917,0.165,0.0068,0.078,1.5,0.1,9,0.75,0.02,4.0,0.075,80,2.4212,0.0426
918,0.099,0.0204,0.026,1.5,0.1,9,0.75,0.02,4.0,0.225,80,2.3568,0.069
919,0.033,0.034,0.078,1.5,0.1,9,0.75,0.02,4.0,0.075,80,2.41,0.1124
920,0.033,0.0068,0.078,1.5,0.1,9,0.75,0.06,4.0,0.225,80,2.269,0.0805
921,0.165,0.0068,0.026,1.5,0.1,9,0.75,0.06,4.0,0.225,80,2.2518,0.0853
922,0.033,0.034,0.026,1.5,0.1,9,0.75,0.06,4.0,0.225,80,2.2451,0.0773
923,0.033,0.0068,0.026,1.5,0.1,9,0.75,0.2,4.0,0.075,80,2.2693,0.2237
924,0.165,0.034,0.026,1.5,0.1,9,0.75,0.02,4.0,0.225,80,2.4431,0.1087
925,0.033,0.0068,0.078,1.5,0.1,9,0.75,0.1,4.0,0.375,80,2.3197,0.0972
926,0.165,0.0204,0.026,1.5,0.1,9,0.75,0.06,4.0,0.375,80,2.3597,0.0697
927,0.165,0.0204,0.078,1.5,0.1,9,0.75,0.02,4.0,0.375,80,2.3285,0.0916
928,0.033,0.0204,0.078,1.5,0.1,9,0.75,0.2,4.0,0.075,80,2.3376,0.0434
929,0.099,0.034,0.13,1.5,0.1,9,0.75,0.06,4.0,0.225,80,2.2652,0.0478
930,0.165,0.0204,0.026,1.5,0.1,9,0.75,0.1,4.0,0.375,80,2.2277,0.1493
931,0.099,0.034,0.026,1.5,0.1,9,0.75,0.2,4.0,0.075,80,2.6532,0.1262
932,0.165,0.0068,0.026,1.5,0.1,9,0.75,0.2,4.0,0.225,80,2.1716,0.5242
933,0.099,0.0068,0.078,1.5,0.1,9,0.75,0.2,4.0,0.225,80,2.2318,0.3808
934,0.33,0.0068,0.078,1.5,0.1,9,0.75,0.1,4.0,0.075,80,2.5519,0.0497
935,0.165,0.0204,0.13,1.5,0.1,9,0.75,0.1,4.0,0.225,80,2.2337,0.0144
936,0.165,0.034,0.078,1.5,0.1,9,0.75,0.06,4.0,0.375,80,2.1755,0.0407
937,0.165,0.0204,0.078,1.5,0.1,9,0.75,0.2,4.0,0.075,80,2.4873,0.0353
938,0.33,0.034,0.026,1.5,0.1,9,0.75,0.1,4.0,0.075,80,2.4969,0.0166
939,0.33,0.0068,0.13,1.5,0.1,9,0.75,0.1,4.0,0.075,80,2.3588,0.0699
940,0.033,0.0204,0.078,1.5,0.1,9,0.75,0.2,4.0,0.375,80,2.2861,0.0222
941,0.165,0.0068,0.078,1.5,0.3,9,0.75,0.2,4.0,0.075,80,1.988,0.1018
942,0.33,0.034,0.078,1.5,0.1,9,0.75,0.1,4.0,0.075,80,2.3482,0.0814
943,0.099,0.0204,0.13,1.5,0.1,9,0.75,0.2,4.0,0.225,80,2.3025,0.0486
944,0.33,0.034,0.026,1.5,0.1,9,0.75,0.1,4.0,0.225,80,2.3984,0.0535
945,0.033,0.034,0.13,1.5,0.1,9,0.75,0.2,4.0,0.225,80,2.2364,0.0458
946,0.33,0.0204,0.078,1.5,0.1,9,0.75,0.1,4.0,0.225,80,2.2728,0.078
947,0.165,0.068,0.13,1.5,0.1,9,0.75,0.06,4.0,0.075,80,2.2842,0.0948
948,0.33,0.0204,0.26,1.5,0.1,9,0.75,0.02,4.0,0.075,80,2.1762,0.0566
949,0.165,0.0204,0.078,1.5,0.1,9,0.75,0.2,4.0,0.375,80,2.2072,0.0535
950,0.33,0.068,0.13,1.5,0.1,9,0.75,0.02,4.0,0.075,80,2.3179,0.0369
951,0.165,0.034,0.13,1.5,0.1,9,0.75,0.2,4.0,0.225,80,2.1423,0.121
952,0.033,0.0068,0.026,1.5,0.1,9,1.5,0.1,2.0,0.075,80,2.1826,0.0133
953,0.033,0.0204,0.026,1.5,0.1,9,1.5,0.1,2.0,0.075,80,2.2248,0.012
954,0.033,0.034,0.026,1.5,0.1,9,1.5,0.06,2.0,0.075,80,2.1601,0.0247
955,0.099,0.0068,0.026,1.5,0.1,9,1.5,0.2,1.2,0.075,80,1.8886,0.004
956,0.165,0.0068,0.078,1.5,0.1,9,1.5,0.06,2.0,0.075,80,2.0268,0.11
957,0.033,0.068,0.026,1.5,0.1,9,1.5,0.06,2.0,0.075,80,1.9943,0.0228
958,0.165,0.0068,0.13,1.5,0.1,9,1.5,0.1,2.0,0.075,80,1.8023,0.0249
959,0.099,0.0204,0.026,1.5,0.1,9,1.5,0.2,2.0,0.075,80,2.0498,0.0248
960,0.033,0.0068,0.026,1.5,0.1,9,1.5,0.1,4.0,0.075,80,2.4503,0.0352
961,0.099,0.0204,0.026,1.5,0.1,9,1.5,0.2,2.0,0.225,80,2.0598,0.0653
962,0.099,0.0068,0.078,1.5,0.1,9,1.5,0.02,4.0,0.225,80,2.2929,0.0449
963,0.33,0.034,0.026,1.5,0.1,9,1.5,0.1,2.0,0.075,80,2.0525,0.1058
964,0.165,0.034,0.026,1.5,0.1,9,1.5,0.02,4.0,0.075,80,2.3164,0.0175
965,0.099,0.0204,0.078,1.5,0.1,9,1.5,0.02,4.0,0.225,80,2.1324,0.0622
966,0.165,0.034,0.026,1.5,0.1,9,1.5,0.06,4.0,0.075,80,2.28,0.0806
967,0.099,0.034,0.026,1.5,0.1,9,1.5,0.06,4.0,0.225,80,2.1525,0.0745
968,0.033,0.0204,0.078,1.5,0.1,9,1.5,0.1,4.0,0.225,80,2.1281,0.0354
969,0.165,0.0068,0.026,1.5,0.1,9,1.5,0.1,4.0,0.225,80,2.2782,0.1495
970,0.099,0.0204,0.13,1.5,0.1,9,1.5,0.02,4.0,0.225,80,2.1181,0.0741
971,0.33,0.068,0.026,1.5,0.1,9,1.5,0.06,2.0,0.075,80,2.0389,0.0202
972,0.33,0.0204,0.026,1.5,0.1,9,1.5,0.02,4.0,0.075,80,2.1941,0.061
973,0.033,0.0204,0.26,1.5,0.1,9,1.5,0.02,4.0,0.075,80,1.7645,0.2687
974,0.099,0.034,0.026,1.5,0.1,9,1.5,0.06,4.0,0.375,80,1.7504,0.4917
975,0.099,0.0204,0.078,1.5,0.1,9,1.5,0.06,4.0,0.375,80,1.9793,0.0943
976,0.099,0.068,0.026,1.5,0.1,9,1.5,0.02,4.0,0.225,80,2.2126,0.0194
977,0.33,0.0068,0.026,1.5,0.1,9,1.5,0.06,4.0,0.225,80,2.2616,0.1125
978,0.033,0.0068,0.078,1.5,0.3,9,1.5,0.2,4.0,0.075,80,1.7056,0.0211
979,0.165,0.0068,0.078,1.5,0.1,9,1.5,0.2,4.0,0.075,80,2.2252,0.0201
980,0.099,0.068,0.026,1.5,0.1,9,1.5,0.1,4.0,0.075,80,2.2287,0.0938
981,0.33,0.0204,0.026,1.5,0.1,9,1.5,0.1,4.0,0.075,80,2.305,0.0735
982,0.099,0.068,0.078,1.5,0.1,9,1.5,0.06,4.0,0.075,80,2.1456,0.1548
983,0.165,0.0068,0.026,1.5,0.1,9,1.5,0.2,4.0,0.225,80,2.0769,0.1117
984,0.099,0.0204,0.026,1.5,0.3,9,1.5,0.2,4.0,0.075,80,1.5946,0.0496
985,0.33,0.0068,0.078,1.5,0.1,9,1.5,0.02,4.0,0.375,80,1.9725,0.1682
986,0.099,0.034,0.13,1.5,0.1,9,1.5,0.1,4.0,0.225,80,1.9752,0.086
987,0.165,0.0204,0.078,1.5,0.1,9,1.5,0.1,4.0,0.375,80,1.9205,0.0317
988,0.099,0.034,0.26,1.5,0.1,9,1.5,0.06,4.0,0.075,80,1.9988,0.0597
989,0.33,0.0204,0.026,1.5,0.1,9,1.5,0.1,4.0,0.225,80,2.2341,0.1069
990,0.33,0.0068,0.078,1.5,0.1,9,1.5,0.1,4.0,0.225,80,2.1496,0.0646
991,0.165,0.0204,0.13,1.5,0.1,9,1.5,0.1,4.0,0.375,80,1.9639,0.0102
992,0.165,0.0204,0.13,1.5,0.1,9,1.5,0.2,4.0,0.075,80,2.2552,0.0406
993,0.165,0.034,0.026,1.5,0.1,9,1.5,0.2,4.0,0.225,80,2.2128,0.0523
994,0.099,0.034,0.26,1.5,0.1,9,1.5,0.1,4.0,0.075,80,2.0733,0.0713
995,0.033,0.068,0.13,1.5,0.1,9,1.5,0.1,4.0,0.225,80,2.0805,0.1248
996,0.165,0.0204,0.26,1.5,0.1,9,1.5,0.06,4.0,0.225,80,1.9275,0.0561
997,0.33,0.0204,0.026,1.5,0.1,9,1.5,0.1,4.0,0.375,80,1.9832,0.049
998,0.099,0.034,0.26,1.5,0.1,9,1.5,0.06,4.0,0.225,80,1.9392,0.0684
999,0.033,0.034,0.13,1.5,0.3,9,1.5,0.2,4.0,0.075,80,1.7432,0.009
1000,0.099,0.034,0.13,1.5,0.1,9,1.5,0.2,4.0,0.225,80,2.0989,0.0786
1001,0.099,0.034,0.26,1.5,0.1,9,1.5,0.1,4.0,0.225,80,1.9876,0.1411
1002,0.165,0.0068,0.13,1.5,0.1,9,1.5,0.2,4.0,0.375,80,1.8907,0.1066
1003,0.33,0.0204,0.13,1.5,0.1,9,1.5,0.06,4.0,0.375,80,1.924,0.058
1004,0.165,0.068,0.026,1.5,0.1,9,1.5,0.2,4.0,0.075,80,2.4633,0.1306
1005,0.099,0.0204,0.26,1.5,0.1,9,1.5,0.2,4.0,0.075,80,2.1296,0.0499
1006,0.099,0.068,0.026,1.5,0.3,9,1.5,0.2,4.0,0.075,80,1.6321,0.0736
1007,0.033,0.068,0.078,1.5,0.3,9,1.5,0.2,4.0,0.075,80,1.8397,0.0933
1008,0.165,0.034,0.26,1.5,0.1,9,1.5,0.1,4.0,0.225,80,2.0056,0.0458
1009,0.33,0.034,0.13,1.5,0.1,9,1.5,0.06,4.0,0.375,80,1.9469,0.0643
1010,0.165,0.068,0.026,1.5,0.1,9,1.5,0.2,4.0,0.225,80,2.2292,0.0548
1011,0.33,0.0204,0.078,1.5,0.1,9,1.5,0.2,4.0,0.225,80,2.1529,0.0241
1012,0.33,0.068,0.026,1.5,0.1,9,1.5,0.1,4.0,0.225,80,2.3193,0.1248
1013,0.33,0.0204,0.026,1.5,0.1,9,1.5,0.2,4.0,0.375,80,2.1215,0.2133
1014,0.33,0.0204,0.26,1.5,0.1,9,1.5,0.06,4.0,0.225,80,1.9952,0.1664
1015,0.33,0.0204,0.078,1.5,0.1,9,1.5,0.2,4.0,0.375,80,2.1736,0.0562
1016,0.165,0.068,0.26,1.5,0.1,9,1.5,0.2,4.0,0.075,80,2.1608,0.1899
